19.015,19.8871,50.1787
19.0279,19.7709,50.3548
19.0387,19.6514,50.5283
19.0475,19.5287,50.6989
19.0541,19.4029,50.8666
19.0587,19.274,51.0313
19.061,19.1421,51.193
19.0612,19.0073,51.3515
19.0593,18.8696,51.5067
19.0552,18.7292,51.6587
19.0489,18.586,51.8072
19.0404,18.4403,51.9523
19.0297,18.2921,52.0938
19.0168,18.1414,52.2317
19.0016,17.9884,52.3659
18.9843,17.8331,52.4964
18.9648,17.6757,52.623
18.9431,17.5162,52.7458
18.9192,17.3548,52.8647
18.893,17.1915,52.9795
18.8647,17.0265,53.0904
18.8342,16.8598,53.1972
18.8015,16.6916,53.2999
18.7667,16.5219,53.3984
18.7297,16.3509,53.4928
18.6906,16.1786,53.583
18.6493,16.0052,53.6689
18.606,15.8307,53.7506
18.5605,15.6554,53.828
18.513,15.4792,53.9011
18.4634,15.3023,53.9699
18.4119,15.1248,54.0344
18.3583,14.9467,54.0946
18.3027,14.7683,54.1504
18.2452,14.5896,54.202
18.1857,14.4107,54.2492
18.1244,14.2317,54.2921
18.0612,14.0527,54.3308
17.9961,13.8738,54.3651
17.9293,13.6951,54.3952
17.8606,13.5167,54.421
17.7903,13.3387,54.4427
17.7182,13.1612,54.4601
17.6445,12.9843,54.4734
17.5691,12.808,54.4825
17.4921,12.6325,54.4876
17.4136,12.4579,54.4886
17.3335,12.2841,54.4856
17.252,12.1114,54.4786
17.1691,11.9398,54.4676
17.0847,11.7693,54.4528
16.999,11.6001,54.4342
16.9119,11.4322,54.4118
16.8236,11.2657,54.3856
16.7341,11.1006,54.3558
16.6434,10.9371,54.3223
16.5515,10.7751,54.2853
16.4586,10.6148,54.2447
16.3645,10.4562,54.2007
16.2695,10.2993,54.1533
16.1735,10.1443,54.1026
16.0766,9.99107,54.0487
15.9788,9.83978,53.9915
15.8801,9.69045,53.9312
15.7807,9.54311,53.8679
15.6806,9.3978,53.8015
15.5797,9.25457,53.7322
15.4782,9.11345,53.66
15.376,8.97446,53.5851
15.2733,8.83765,53.5074
15.1701,8.70304,53.427
15.0664,8.57064,53.344
14.9623,8.4405,53.2585
14.8577,8.31262,53.1705
14.7528,8.18703,53.0802
14.6476,8.06374,52.9875
14.5422,7.94277,52.8925
14.4365,7.82413,52.7954
14.3306,7.70783,52.6961
14.2245,7.59387,52.5948
14.1184,7.48227,52.4914
14.0122,7.37302,52.3861
13.906,7.26613,52.279
13.7997,7.16161,52.17
13.6936,7.05944,52.0593
13.5875,6.95963,51.9469
13.4815,6.86217,51.8329
13.3757,6.76706,51.7173
13.27,6.67429,51.6002
13.1646,6.58385,51.4816
13.0594,6.49573,51.3617
12.9546,6.40992,51.2404
12.85,6.32641,51.1178
12.7458,6.24517,50.9941
12.642,6.16621,50.8691
12.5386,6.0895,50.743
12.4357,6.01502,50.6159
12.3332,5.94276,50.4877
12.2312,5.8727,50.3586
12.1297,5.80482,50.2285
12.0288,5.73909,50.0976
11.9284,5.67551,49.9658
11.8287,5.61404,49.8333
11.7296,5.55466,49.7
11.6311,5.49736,49.566
11.5333,5.4421,49.4314
11.4362,5.38886,49.2961
11.3398,5.33762,49.1603
11.2441,5.28836,49.0239
11.1492,5.24104,48.887
11.0551,5.19565,48.7497
10.9617,5.15216,48.6119
10.8692,5.11054,48.4737
10.7775,5.07077,48.3352
10.6866,5.03281,48.1964
10.5965,4.99665,48.0572
10.5074,4.96226,47.9178
10.4191,4.9296,47.7782
10.3317,4.89866,47.6383
10.2452,4.86941,47.4983
10.1597,4.84182,47.3581
10.0751,4.81587,47.2178
9.9914,4.79152,47.0774
9.90868,4.76876,46.937
9.82693,4.74755,46.7964
9.74615,4.72788,46.6559
9.66635,4.70971,46.5154
9.58754,4.69302,46.3748
9.50973,4.67779,46.2344
9.43292,4.66399,46.0939
9.35712,4.65159,45.9536
9.28234,4.64057,45.8134
9.20859,4.63091,45.6733
9.13586,4.62258,45.5333
9.06416,4.61557,45.3935
8.9935,4.60984,45.2538
8.92389,4.60537,45.1144
8.85531,4.60215,44.9751
8.78779,4.60015,44.8361
8.72131,4.59934,44.6973
8.65588,4.59971,44.5587
8.59151,4.60123,44.4204
8.5282,4.60389,44.2824
8.46594,4.60767,44.1447
8.40473,4.61254,44.0073
8.34459,4.61849,43.8702
8.2855,4.62549,43.7334
8.22746,4.63353,43.597
8.17049,4.6426,43.4609
8.11457,4.65266,43.3251
8.05971,4.66371,43.1898
8.0059,4.67573,43.0548
7.95314,4.6887,42.9202
7.90144,4.70261,42.786
7.85078,4.71744,42.6522
7.80117,4.73318,42.5189
7.7526,4.7498,42.3859
7.70508,4.7673,42.2534
7.65859,4.78567,42.1214
7.61314,4.80488,41.9898
7.56873,4.82494,41.8586
7.52534,4.84581,41.7279
7.48298,4.8675,41.5977
7.44165,4.88998,41.468
7.40133,4.91326,41.3388
7.36203,4.93731,41.21
7.32374,4.96213,41.0818
7.28645,4.9877,40.9541
7.25017,5.01402,40.8269
7.21489,5.04108,40.7002
7.18061,5.06887,40.574
7.14732,5.09738,40.4484
7.11501,5.1266,40.3233
7.08369,5.15652,40.1987
7.05334,5.18714,40.0747
7.02397,5.21844,39.9513
6.99556,5.25043,39.8284
6.96812,5.28309,39.7061
6.94164,5.31643,39.5844
6.91611,5.35042,39.4633
6.89154,5.38507,39.3427
6.8679,5.42038,39.2228
6.84521,5.45633,39.1034
6.82346,5.49293,38.9846
6.80264,5.53017,38.8665
6.78274,5.56804,38.7489
6.76376,5.60654,38.632
6.74571,5.64567,38.5157
6.72856,5.68543,38.4001
6.71232,5.72581,38.285
6.69699,5.76681,38.1707
6.68256,5.80843,38.0569
6.66902,5.85066,37.9438
6.65637,5.89351,37.8314
6.6446,5.93697,37.7196
6.63372,5.98104,37.6086
6.62372,6.02572,37.4981
6.61458,6.07102,37.3884
6.60632,6.11692,37.2793
6.59892,6.16344,37.171
6.59238,6.21056,37.0633
6.5867,6.2583,36.9564
6.58187,6.30664,36.8501
6.57789,6.3556,36.7446
6.57476,6.40517,36.6398
6.57247,6.45535,36.5357
6.57101,6.50615,36.4323
6.57039,6.55757,36.3297
6.5706,6.6096,36.2279
6.57164,6.66225,36.1268
6.5735,6.71553,36.0264
6.57618,6.76943,35.9269
6.57968,6.82395,35.8281
6.584,6.87911,35.73
6.58912,6.9349,35.6328
6.59506,6.99132,35.5364
6.6018,7.04838,35.4407
6.60935,7.10608,35.3459
6.6177,7.16443,35.2519
6.62684,7.22342,35.1587
6.63679,7.28306,35.0664
6.64752,7.34336,34.9749
6.65905,7.40432,34.8842
6.67137,7.46594,34.7944
6.68448,7.52823,34.7055
6.69837,7.59119,34.6174
6.71305,7.65482,34.5302
6.72851,7.71913,34.4439
6.74475,7.78413,34.3586
6.76177,7.84981,34.2741
6.77956,7.91619,34.1905
6.79814,7.98326,34.1079
6.81749,8.05104,34.0262
6.83761,8.11952,33.9455
6.85851,8.18871,33.8657
6.88018,8.25861,33.7869
6.90262,8.32924,33.709
6.92583,8.40059,33.6322
6.94981,8.47267,33.5563
6.97456,8.54549,33.4815
7.00008,8.61905,33.4077
7.02637,8.69335,33.3349
7.05342,8.7684,33.2632
7.08125,8.8442,33.1925
7.10984,8.92077,33.1229
7.1392,8.9981,33.0544
7.16932,9.07619,32.9869
7.20022,9.15506,32.9206
7.23188,9.23471,32.8554
7.26431,9.31514,32.7914
7.2975,9.39636,32.7284
7.33147,9.47838,32.6667
7.36621,9.56118,32.6061
7.40171,9.64479,32.5467
7.43798,9.72921,32.4885
7.47503,9.81443,32.4315
7.51285,9.90047,32.3758
7.55143,9.98733,32.3213
7.59079,10.075,32.268
7.63093,10.1635,32.2161
7.67184,10.2528,32.1654
7.71352,10.343,32.1161
7.75598,10.434,32.0681
7.79922,10.5258,32.0214
7.84323,10.6185,31.9761
7.88803,10.712,31.9322
7.9336,10.8064,31.8896
7.97996,10.9016,31.8485
8.0271,10.9977,31.8088
8.07502,11.0946,31.7706
8.12372,11.1924,31.7339
8.17321,11.291,31.6986
8.22349,11.3905,31.6649
8.27456,11.4908,31.6326
8.32641,11.592,31.602
8.37906,11.6941,31.5729
8.4325,11.797,31.5454
8.48672,11.9008,31.5195
8.54175,12.0054,31.4952
8.59756,12.1109,31.4726
8.65417,12.2173,31.4517
8.71158,12.3244,31.4325
8.76979,12.4325,31.415
8.82879,12.5414,31.3992
8.88859,12.6511,31.3852
8.94919,12.7616,31.373
9.01059,12.873,31.3627
9.07279,12.9853,31.3541
9.13579,13.0983,31.3475
9.19959,13.2122,31.3427
9.26419,13.3268,31.3398
9.32959,13.4423,31.3389
9.3958,13.5586,31.3399
9.4628,13.6757,31.343
9.53061,13.7935,31.348
9.59921,13.9121,31.3551
9.66862,14.0315,31.3643
9.73882,14.1516,31.3755
9.80983,14.2724,31.3889
9.88163,14.394,31.4045
9.95422,14.5163,31.4222
10.0276,14.6393,31.4421
10.1018,14.7629,31.4642
10.1768,14.8872,31.4886
10.2525,15.0122,31.5153
10.3291,15.1378,31.5444
10.4064,15.264,31.5757
10.4845,15.3908,31.6095
10.5634,15.5182,31.6456
10.6431,15.6461,31.6841
10.7235,15.7746,31.7252
10.8047,15.9036,31.7687
10.8867,16.033,31.8147
10.9694,16.163,31.8633
11.0529,16.2933,31.9144
11.1371,16.424,31.9681
11.222,16.5552,32.0245
11.3077,16.6866,32.0835
11.3942,16.8184,32.1452
11.4813,16.9505,32.2096
11.5692,17.0828,32.2768
11.6577,17.2153,32.3467
11.747,17.348,32.4194
11.837,17.4809,32.4949
11.9276,17.6138,32.5733
12.0189,17.7469,32.6545
12.1109,17.8799,32.7386
12.2035,18.0129,32.8257
12.2968,18.1459,32.9157
12.3907,18.2787,33.0087
12.4852,18.4114,33.1046
12.5803,18.5439,33.2036
12.676,18.6762,33.3056
12.7723,18.8081,33.4106
12.8692,18.9397,33.5187
12.9666,19.0709,33.6299
13.0645,19.2016,33.7443
13.163,19.3318,33.8617
13.2619,19.4614,33.9823
13.3613,19.5904,34.106
13.4612,19.7186,34.233
13.5616,19.8462,34.3631
13.6623,19.9729,34.4964
13.7635,20.0987,34.6328
13.8651,20.2235,34.7725
13.967,20.3474,34.9155
14.0692,20.4701,35.0616
14.1718,20.5917,35.211
14.2746,20.712,35.3636
14.3778,20.831,35.5194
14.4811,20.9487,35.6784
14.5847,21.0649,35.8407
14.6885,21.1795,36.0061
14.7924,21.2926,36.1748
14.8965,21.4039,36.3467
15.0007,21.5135,36.5217
15.1049,21.6212,36.6999
15.2092,21.727,36.8813
15.3135,21.8308,37.0658
15.4177,21.9325,37.2534
15.5219,22.032,37.444
15.626,22.1292,37.6378
15.73,22.224,37.8345
15.8338,22.3164,38.0342
15.9374,22.4063,38.2369
16.0408,22.4935,38.4425
16.1439,22.578,38.651
16.2467,22.6598,38.8623
16.3491,22.7386,39.0764
16.4511,22.8145,39.2932
16.5527,22.8873,39.5127
16.6538,22.957,39.7348
16.7544,23.0234,39.9594
16.8544,23.0865,40.1865
16.9538,23.1462,40.4161
17.0526,23.2024,40.648
17.1506,23.255,40.8822
17.2479,23.304,41.1186
17.3444,23.3492,41.3571
17.44,23.3905,41.5977
17.5348,23.428,41.8402
17.6286,23.4615,42.0845
17.7214,23.4909,42.3307
17.8132,23.5162,42.5784
17.9039,23.5372,42.8278
17.9935,23.554,43.0786
18.0818,23.5665,43.3308
18.1689,23.5745,43.5842
18.2548,23.578,43.8387
18.3393,23.577,44.0942
18.4224,23.5714,44.3507
18.504,23.5611,44.6079
18.5842,23.5462,44.8657
18.6628,23.5264,45.1241
18.7398,23.5019,45.3828
18.8152,23.4726,45.6418
18.8888,23.4383,45.9009
18.9607,23.3992,46.16
19.0308,23.3551,46.4189
19.0991,23.3061,46.6775
19.1654,23.2521,46.9357
19.2298,23.1931,47.1933
19.2922,23.129,47.4501
19.3526,23.06,47.7061
19.4109,22.9859,47.961
19.467,22.9068,48.2147
19.5209,22.8227,48.467
19.5726,22.7336,48.7179
19.6221,22.6396,48.9672
19.6692,22.5405,49.2146
19.7139,22.4366,49.4601
19.7563,22.3277,49.7035
19.7962,22.214,49.9446
19.8336,22.0954,50.1834
19.8686,21.9721,50.4196
19.9009,21.8441,50.6531
19.9307,21.7114,50.8838
19.9579,21.5741,51.1114
19.9824,21.4323,51.336
20.0043,21.2861,51.5572
20.0235,21.1354,51.7751
20.0399,20.9805,51.9894
20.0535,20.8214,52.2
20.0644,20.6581,52.4068
20.0725,20.4909,52.6097
20.0778,20.3197,52.8085
20.0803,20.1448,53.0032
20.0799,19.9661,53.1935
20.0766,19.7839,53.3794
20.0705,19.5981,53.5608
20.0615,19.4091,53.7376
20.0496,19.2168,53.9096
20.0349,19.0214,54.0769
20.0172,18.8231,54.2392
19.9967,18.622,54.3965
19.9732,18.4181,54.5487
19.9469,18.2117,54.6958
19.9177,18.0029,54.8377
19.8856,17.7919,54.9742
19.8507,17.5787,55.1055
19.8129,17.3635,55.2313
19.7723,17.1465,55.3516
19.7289,16.9278,55.4665
19.6827,16.7076,55.5758
19.6337,16.486,55.6796
19.582,16.2632,55.7777
19.5275,16.0392,55.8703
19.4704,15.8144,55.9572
19.4105,15.5888,56.0384
19.3481,15.3625,56.1141
19.283,15.1358,56.184
19.2154,14.9087,56.2483
19.1452,14.6814,56.307
19.0725,14.4541,56.36
18.9974,14.2268,56.4075
18.9199,13.9998,56.4493
18.84,13.7732,56.4856
18.7578,13.5471,56.5164
18.6733,13.3216,56.5417
18.5865,13.0969,56.5616
18.4976,12.8731,56.5761
18.4066,12.6504,56.5853
18.3134,12.4287,56.5891
18.2183,12.2084,56.5878
18.1211,11.9894,56.5813
18.0221,11.772,56.5697
17.9212,11.5561,56.5531
17.8184,11.342,56.5315
17.7139,11.1296,56.505
17.6077,10.9192,56.4738
17.4999,10.7108,56.4378
17.3905,10.5045,56.3972
17.2796,10.3004,56.352
17.1672,10.0985,56.3024
17.0534,9.89902,56.2483
16.9383,9.70194,56.19
16.8219,9.50734,56.1275
16.7042,9.3153,56.0609
16.5854,9.12588,55.9903
16.4655,8.93914,55.9157
16.3446,8.75514,55.8374
16.2227,8.57392,55.7553
16.0999,8.39554,55.6695
15.9762,8.22003,55.5803
15.8517,8.04744,55.4876
15.7265,7.8778,55.3915
15.6006,7.71114,55.2923
15.474,7.54749,55.1898
15.3469,7.38688,55.0843
15.2193,7.22934,54.9759
15.0913,7.07487,54.8646
14.9628,6.92349,54.7506
14.834,6.77522,54.6338
14.705,6.63006,54.5145
14.5756,6.48802,54.3927
14.4462,6.3491,54.2686
14.3166,6.21331,54.1421
14.1869,6.08063,54.0134
14.0572,5.95108,53.8825
13.9275,5.82463,53.7496
13.7979,5.70127,53.6148
13.6684,5.58101,53.4781
13.5391,5.46381,53.3396
13.41,5.34967,53.1993
13.2812,5.23856,53.0575
13.1527,5.13047,52.914
13.0245,5.02537,52.7691
12.8967,4.92324,52.6228
12.7694,4.82406,52.4752
12.6425,4.72779,52.3262
12.5161,4.6344,52.1761
12.3903,4.54388,52.0249
12.265,4.45618,51.8725
12.1404,4.37128,51.7192
12.0164,4.28914,51.565
11.8931,4.20972,51.4098
11.7706,4.133,51.2538
11.6488,4.05893,51.0971
11.5277,3.98748,50.9396
11.4075,3.91861,50.7815
11.2881,3.85229,50.6228
11.1695,3.78847,50.4635
11.0519,3.72711,50.3037
10.9352,3.66819,50.1435
10.8194,3.61165,49.9828
10.7045,3.55746,49.8218
10.5907,3.50557,49.6604
10.4778,3.45595,49.4988
10.366,3.40856,49.3369
10.2552,3.36336,49.1748
10.1454,3.3203,49.0125
10.0368,3.27935,48.85
9.9292,3.24046,48.6875
9.82274,3.2036,48.5249
9.71739,3.16872,48.3623
9.61318,3.13579,48.1996
9.51012,3.10476,48.037
9.40821,3.0756,47.8744
9.30748,3.04828,47.7118
9.20792,3.02274,47.5494
9.10956,2.99895,47.3871
9.01239,2.97688,47.225
8.91642,2.95649,47.063
8.82167,2.93773,46.9012
8.72814,2.92058,46.7396
8.63583,2.905,46.5783
8.54475,2.89096,46.4172
8.45491,2.87841,46.2563
8.36631,2.86733,46.0958
8.27894,2.85767,45.9356
8.19283,2.84942,45.7756
8.10796,2.84253,45.6161
8.02433,2.83698,45.4568
7.94196,2.83273,45.2979
7.86084,2.82975,45.1394
7.78097,2.82801,44.9813
7.70234,2.82748,44.8236
7.62497,2.82814,44.6663
7.54884,2.82996,44.5094
7.47397,2.8329,44.3529
7.40033,2.83695,44.1969
7.32794,2.84207,44.0413
7.25678,2.84823,43.8862
7.18686,2.85543,43.7316
7.11817,2.86362,43.5774
7.05071,2.87279,43.4238
6.98448,2.88292,43.2706
6.91946,2.89397,43.1179
6.85566,2.90594,42.9657
6.79307,2.91879,42.814
6.73168,2.93251,42.6628
6.67149,2.94708,42.5122
6.6125,2.96247,42.362
6.55469,2.97868,42.2124
6.49806,2.99567,42.0634
6.44261,3.01344,41.9149
6.38833,3.03197,41.7669
6.33521,3.05124,41.6195
6.28324,3.07123,41.4726
6.23242,3.09193,41.3263
6.18274,3.11333,41.1805
6.1342,3.1354,41.0353
6.08678,3.15814,40.8907
6.04048,3.18154,40.7467
5.99529,3.20558,40.6032
5.9512,3.23024,40.4603
5.90822,3.25553,40.318
5.86632,3.28142,40.1762
5.8255,3.3079,40.035
5.78575,3.33498,39.8945
5.74707,3.36262,39.7545
5.70945,3.39084,39.6151
5.67287,3.41961,39.4763
5.63734,3.44894,39.3381
5.60284,3.4788,39.2005
5.56937,3.50921,39.0634
5.53691,3.54014,38.927
5.50547,3.57159,38.7912
5.47503,3.60356,38.656
5.44558,3.63604,38.5214
5.41712,3.66902,38.3875
5.38964,3.70251,38.2541
5.36313,3.73649,38.1213
5.33758,3.77096,37.9892
5.31299,3.80592,37.8577
5.28935,3.84137,37.7268
5.26665,3.87729,37.5965
5.24489,3.9137,37.4669
5.22405,3.95058,37.3378
5.20414,3.98794,37.2094
5.18513,4.02578,37.0817
5.16704,4.06408,36.9545
5.14984,4.10286,36.828
5.13353,4.1421,36.7022
5.11811,4.18182,36.5769
5.10357,4.22201,36.4524
5.0899,4.26266,36.3284
5.07709,4.30379,36.2051
5.06515,4.34539,36.0825
5.05406,4.38747,35.9605
5.04382,4.43001,35.8391
5.03441,4.47303,35.7185
5.02585,4.51653,35.5984
5.01811,4.56051,35.4791
5.0112,4.60498,35.3604
5.00511,4.64992,35.2423
4.99984,4.69536,35.125
4.99537,4.74128,35.0083
4.9917,4.7877,34.8923
4.98884,4.83461,34.777
4.98677,4.88203,34.6623
4.98549,4.92995,34.5483
4.98499,4.97838,34.4351
4.98527,5.02732,34.3225
4.98633,5.07678,34.2106
4.98817,5.12676,34.0994
4.99077,5.17727,33.989
4.99413,5.22831,33.8792
4.99826,5.27989,33.7702
5.00314,5.33201,33.6618
5.00878,5.38468,33.5542
5.01517,5.4379,33.4473
5.02231,5.49169,33.3412
5.03019,5.54604,33.2358
5.03881,5.60096,33.1311
5.04818,5.65647,33.0272
5.05828,5.71255,32.924
5.06911,5.76923,32.8216
5.08068,5.82651,32.7199
5.09298,5.8844,32.619
5.10601,5.9429,32.5189
5.11976,6.00201,32.4196
5.13424,6.06176,32.321
5.14944,6.12214,32.2232
5.16536,6.18316,32.1263
5.18201,6.24484,32.0301
5.19937,6.30717,31.9348
5.21746,6.37017,31.8402
5.23626,6.43384,31.7465
5.25578,6.4982,31.6536
5.27602,6.56324,31.5616
5.29697,6.62899,31.4704
5.31864,6.69544,31.3801
5.34103,6.7626,31.2906
5.36413,6.8305,31.202
5.38795,6.89912,31.1142
5.41249,6.96849,31.0274
5.43775,7.0386,30.9415
5.46372,7.10948,30.8564
5.49041,7.18113,30.7723
5.51782,7.25355,30.6891
5.54595,7.32676,30.6068
5.57481,7.40077,30.5255
5.60438,7.47558,30.4452
5.63469,7.5512,30.3658
5.66571,7.62765,30.2873
5.69747,7.70493,30.2099
5.72995,7.78305,30.1335
5.76317,7.86203,30.058
5.79712,7.94186,29.9836
5.8318,8.02257,29.9102
5.86722,8.10416,29.8379
5.90338,8.18663,29.7666
5.94029,8.27,29.6964
5.97794,8.35429,29.6273
6.01633,8.43948,29.5593
6.05548,8.52561,29.4924
6.09538,8.61267,29.4266
6.13603,8.70068,29.362
6.17745,8.78964,29.2985
6.21962,8.87956,29.2362
6.26257,8.97046,29.1751
6.30628,9.06234,29.1152
6.35076,9.15521,29.0565
6.39602,9.24908,28.999
6.44206,9.34396,28.9428
6.48888,9.43985,28.8879
6.53649,9.53677,28.8342
6.58489,9.63473,28.7819
6.63409,9.73373,28.7308
6.68408,9.83378,28.6812
6.73488,9.93489,28.6329
6.78648,10.0371,28.5859
6.8389,10.1403,28.5404
6.89213,10.2447,28.4963
6.94618,10.3501,28.4537
7.00106,10.4566,28.4125
7.05676,10.5642,28.3728
7.1133,10.673,28.3346
7.17067,10.7828,28.298
7.22889,10.8938,28.2629
7.28795,11.0059,28.2294
7.34786,11.1192,28.1975
7.40863,11.2335,28.1672
7.47026,11.3491,28.1386
7.53276,11.4658,28.1117
7.59612,11.5836,28.0864
7.66036,11.7026,28.063
7.72547,11.8227,28.0412
7.79147,11.9441,28.0213
7.85836,12.0665,28.0032
7.92614,12.1902,27.9869
7.99481,12.315,27.9726
8.06438,12.441,27.9601
8.13486,12.5682,27.9495
8.20625,12.6966,27.941
8.27855,12.8261,27.9344
8.35177,12.9568,27.9299
8.42592,13.0886,27.9274
8.50098,13.2217,27.927
8.57698,13.3559,27.9288
8.65391,13.4912,27.9327
8.73177,13.6277,27.9388
8.81058,13.7654,27.9472
8.89033,13.9042,27.9578
8.97103,14.0442,27.9708
9.05267,14.1853,27.9861
9.13527,14.3275,28.0037
9.21882,14.4708,28.0238
9.30333,14.6152,28.0464
9.3888,14.7607,28.0714
9.47523,14.9073,28.099
9.56263,15.055,28.1291
9.65099,15.2037,28.1619
9.74032,15.3534,28.1973
9.83061,15.5042,28.2354
9.92187,15.656,28.2763
10.0141,15.8087,28.3199
10.1073,15.9624,28.3663
10.2015,16.1171,28.4157
10.2966,16.2726,28.4679
10.3927,16.4291,28.523
10.4898,16.5864,28.5812
10.5878,16.7445,28.6424
10.6868,16.9035,28.7066
10.7867,17.0633,28.774
10.8876,17.2237,28.8446
10.9895,17.3849,28.9183
11.0923,17.5468,28.9953
11.196,17.7093,29.0756
11.3007,17.8724,29.1593
11.4063,18.0361,29.2463
11.5129,18.2003,29.3368
11.6203,18.365,29.4307
11.7287,18.53,29.5282
11.838,18.6955,29.6292
11.9481,18.8613,29.7338
12.0592,19.0273,29.842
12.1711,19.1936,29.954
12.2839,19.3601,30.0696
12.3975,19.5266,30.1891
12.512,19.6932,30.3123
12.6273,19.8597,30.4394
12.7434,20.0262,30.5703
12.8604,20.1925,30.7052
12.9781,20.3586,30.8441
13.0965,20.5244,30.9869
13.2158,20.6898,31.1338
13.3357,20.8548,31.2847
13.4564,21.0192,31.4398
13.5777,21.1831,31.5989
13.6997,21.3462,31.7622
13.8224,21.5085,31.9297
13.9457,21.67,32.1014
14.0696,21.8305,32.2773
14.194,21.9899,32.4575
14.319,22.1482,32.6419
14.4445,22.3052,32.8306
14.5705,22.4609,33.0236
14.697,22.6151,33.221
14.8239,22.7678,33.4226
14.9512,22.9187,33.6286
15.0789,23.0679,33.8389
15.2068,23.2152,34.0536
15.3351,23.3604,34.2725
15.4636,23.5036,34.4958
15.5924,23.6444,34.7235
15.7213,23.7829,34.9554
15.8503,23.9189,35.1916
15.9795,24.0523,35.4321
16.1087,24.183,35.6768
16.2378,24.3107,35.9258
16.367,24.4355,36.1789
16.496,24.5571,36.4362
16.6249,24.6755,36.6976
16.7536,24.7904,36.9631
16.8821,24.9018,37.2325
17.0102,25.0096,37.506
17.138,25.1135,37.7833
17.2654,25.2135,38.0645
17.3924,25.3094,38.3494
17.5188,25.4012,38.638
17.6446,25.4885,38.9303
17.7697,25.5714,39.226
17.8942,25.6496,39.5252
18.0179,25.7231,39.8278
18.1407,25.7917,40.1335
18.2627,25.8553,40.4424
18.3837,25.9138,40.7543
18.5036,25.9669,41.0691
18.6225,26.0147,41.3867
18.7402,26.0569,41.7069
18.8566,26.0934,42.0296
18.9717,26.1242,42.3547
19.0855,26.1491,42.682
19.1977,26.168,43.0113
19.3085,26.1808,43.3426
19.4176,26.1873,43.6755
19.5251,26.1876,44.0101
19.6308,26.1814,44.346
19.7347,26.1687,44.6832
19.8367,26.1494,45.0214
19.9367,26.1235,45.3604
20.0346,26.0907,45.7
20.1304,26.0512,46.0401
20.2241,26.0048,46.3805
20.3154,25.9514,46.7209
20.4044,25.8911,47.0611
20.4909,25.8237,47.4009
20.575,25.7492,47.7401
20.6565,25.6677,48.0785
20.7353,25.579,48.4158
20.8115,25.4831,48.7519
20.8848,25.3802,49.0864
20.9553,25.27,49.4192
21.0229,25.1528,49.7501
21.0874,25.0284,50.0787
21.1489,24.897,50.4049
21.2073,24.7585,50.7285
21.2626,24.613,51.0491
21.3145,24.4606,51.3667
21.3632,24.3012,51.6809
21.4085,24.1351,51.9915
21.4504,23.9622,52.2982
21.4889,23.7827,52.601
21.5238,23.5966,52.8995
21.5552,23.4041,53.1935
21.583,23.2052,53.4828
21.6071,23.0002,53.7673
21.6275,22.789,54.0466
21.6443,22.572,54.3206
21.6572,22.3491,54.589
21.6664,22.1206,54.8518
21.6717,21.8867,55.1087
21.6733,21.6474,55.3595
21.6709,21.4031,55.6041
21.6647,21.1538,55.8423
21.6546,20.8997,56.0739
21.6405,20.6411,56.2988
21.6226,20.3781,56.5168
21.6007,20.111,56.7279
21.5749,19.84,56.9318
21.5452,19.5652,57.1285
21.5115,19.2869,57.3178
21.474,19.0053,57.4997
21.4326,18.7207,57.674
21.3872,18.4333,57.8407
21.338,18.1432,57.9997
21.285,17.8508,58.151
21.2282,17.5563,58.2944
21.1675,17.2598,58.43
21.1031,16.9617,58.5577
21.035,16.6622,58.6774
20.9632,16.3615,58.7892
20.8878,16.0598,58.8931
20.8087,15.7574,58.989
20.7261,15.4545,59.077
20.64,15.1514,59.157
20.5505,14.8481,59.2292
20.4576,14.5451,59.2935
20.3613,14.2425,59.35
20.2618,13.9405,59.3987
20.1591,13.6393,59.4397
20.0532,13.3392,59.4731
19.9442,13.0402,59.4989
19.8323,12.7428,59.5173
19.7174,12.4469,59.5283
19.5997,12.1529,59.5319
19.4791,11.8609,59.5284
19.3559,11.571,59.5178
19.23,11.2835,59.5003
19.1016,10.9985,59.4758
18.9708,10.7162,59.4447
18.8375,10.4367,59.4069
18.702,10.1601,59.3627
18.5642,9.88667,59.3121
18.4243,9.61644,59.2553
18.2824,9.34956,59.1924
18.1385,9.08615,59.1237
17.9927,8.82631,59.0491
17.8452,8.57016,58.9689
17.696,8.31779,58.8833
17.5451,8.06928,58.7923
17.3928,7.82472,58.6962
17.239,7.58418,58.595
17.0839,7.34774,58.4889
16.9275,7.11545,58.3782
16.7699,6.88738,58.2628
16.6112,6.66357,58.1431
16.4516,6.44406,58.0191
16.291,6.2289,57.891
16.1296,6.01811,57.759
15.9675,5.81173,57.6232
15.8047,5.60976,57.4837
15.6413,5.41223,57.3407
15.4774,5.21915,57.1943
15.313,5.03051,57.0447
15.1484,4.84633,56.8921
14.9834,4.66659,56.7365
14.8182,4.49128,56.5781
14.653,4.32039,56.417
14.4876,4.15391,56.2534
14.3223,3.9918,56.0874
14.1571,3.83405,55.9191
13.992,3.68063,55.7486
13.8271,3.53149,55.5761
13.6626,3.38661,55.4017
13.4983,3.24594,55.2255
13.3345,3.10945,55.0476
13.1711,2.97708,54.8681
13.0083,2.8488,54.6871
12.8461,2.72454,54.5047
12.6844,2.60427,54.3211
12.5235,2.48793,54.1362
12.3633,2.37545,53.9503
12.2039,2.26679,53.7634
12.0453,2.16188,53.5756
11.8877,2.06067,53.3869
11.7309,1.9631,53.1975
11.5751,1.86909,53.0074
11.4203,1.77859,52.8167
11.2666,1.69154,52.6255
11.1139,1.60787,52.4339
10.9624,1.52751,52.2418
10.812,1.4504,52.0494
10.6628,1.37648,51.8568
10.5149,1.30567,51.664
10.3682,1.23791,51.471
10.2227,1.17313,51.2779
10.0786,1.11127,51.0847
9.93576,1.05227,50.8916
9.79431,0.996046,50.6985
9.65423,0.942545,50.5055
9.51554,0.891697,50.3127
9.37827,0.843439,50.12
9.24243,0.797706,49.9276
9.10804,0.754434,49.7354
8.97512,0.71356,49.5434
8.84368,0.67502,49.3518
8.71373,0.638754,49.1606
8.58528,0.6047,48.9697
8.45835,0.572797,48.7792
8.33295,0.542986,48.5892
8.20908,0.515208,48.3996
8.08675,0.489405,48.2104
7.96596,0.465521,48.0218
7.84673,0.443499,47.8337
7.72906,0.423284,47.6461
7.61295,0.404823,47.4591
7.4984,0.388061,47.2726
7.38542,0.372947,47.0867
7.274,0.35943,46.9014
7.16415,0.34746,46.7167
7.05587,0.336987,46.5327
6.94915,0.327964,46.3492
6.84399,0.320343,46.1664
6.74039,0.31408,45.9843
6.63835,0.309128,45.8028
6.53785,0.305444,45.622
6.43891,0.302985,45.4418
6.3415,0.30171,45.2623
6.24563,0.301578,45.0835
6.15129,0.302549,44.9054
6.05847,0.304584,44.728
5.96716,0.307646,44.5513
5.87736,0.311699,44.3753
5.78906,0.316706,44.2
5.70225,0.322632,44.0253
5.61691,0.329445,43.8514
5.53304,0.337112,43.6782
5.45064,0.345601,43.5057
5.36968,0.35488,43.334
5.29016,0.364921,43.1629
5.21207,0.375694,42.9925
5.13539,0.387172,42.8229
5.06012,0.399326,42.6539
4.98624,0.412132,42.4857
4.91374,0.425562,42.3181
4.84262,0.439594,42.1513
4.77284,0.454203,41.9852
4.70442,0.469366,41.8198
4.63732,0.485061,41.655
4.57154,0.501267,41.491
4.50706,0.517963,41.3277
4.44388,0.53513,41.1651
4.38198,0.552748,41.0031
4.32134,0.5708,40.8419
4.26196,0.589267,40.6813
4.20381,0.608132,40.5215
4.14689,0.627381,40.3623
4.09118,0.646996,40.2038
4.03667,0.666963,40.0459
3.98335,0.687268,39.8888
3.93119,0.707897,39.7323
3.8802,0.728837,39.5765
3.83035,0.750076,39.4213
3.78163,0.771602,39.2669
3.73402,0.793403,39.113
3.68752,0.815469,38.9599
3.64211,0.83779,38.8074
3.59778,0.860356,38.6555
3.55451,0.883157,38.5043
3.51229,0.906186,38.3538
3.47111,0.929434,38.2039
3.43095,0.952894,38.0546
3.39181,0.976557,37.906
3.35366,1.00042,37.758
3.3165,1.02447,37.6106
3.28031,1.04871,37.4639
3.24508,1.07313,37.3178
3.2108,1.09772,37.1723
3.17746,1.12248,37.0274
3.14504,1.14741,36.8832
3.11353,1.1725,36.7396
3.08292,1.19774,36.5966
3.0532,1.22315,36.4542
3.02436,1.2487,36.3124
2.99638,1.27441,36.1713
2.96925,1.30026,36.0307
2.94297,1.32626,35.8907
2.91751,1.3524,35.7514
2.89288,1.37869,35.6126
2.86906,1.40511,35.4744
2.84603,1.43168,35.3369
2.82379,1.45839,35.1999
2.80233,1.48524,35.0635
2.78164,1.51223,34.9277
2.76171,1.53937,34.7925
2.74252,1.56664,34.6579
2.72408,1.59406,34.5238
2.70636,1.62162,34.3904
2.68936,1.64932,34.2575
2.67308,1.67718,34.1252
2.65749,1.70518,33.9934
2.6426,1.73333,33.8623
2.62839,1.76163,33.7317
2.61486,1.79009,33.6017
2.602,1.81871,33.4723
2.58979,1.84749,33.3434
2.57824,1.87643,33.2151
2.56733,1.90554,33.0873
2.55706,1.93481,32.9602
2.54742,1.96426,32.8336
2.5384,1.99389,32.7075
2.52999,2.0237,32.582
2.52219,2.05369,32.4571
2.515,2.08387,32.3327
2.5084,2.11425,32.2089
2.50238,2.14482,32.0857
2.49695,2.17559,31.963
2.4921,2.20657,31.8408
2.48781,2.23777,31.7192
2.48409,2.26918,31.5982
2.48093,2.30081,31.4777
2.47833,2.33266,31.3578
2.47627,2.36475,31.2384
2.47476,2.39708,31.1196
2.47378,2.42965,31.0013
2.47334,2.46247,30.8836
2.47343,2.49555,30.7664
2.47405,2.52888,30.6498
2.47519,2.56249,30.5337
2.47684,2.59637,30.4182
2.47901,2.63052,30.3033
2.48169,2.66496,30.1888
2.48487,2.6997,30.075
2.48856,2.73474,29.9617
2.49275,2.77008,29.8489
2.49744,2.80573,29.7367
2.50262,2.8417,29.625
2.50829,2.87801,29.5139
2.51445,2.91464,29.4033
2.52109,2.95162,29.2933
2.52822,2.98894,29.1839
2.53583,3.02663,29.075
2.54393,3.06467,28.9666
2.5525,3.10309,28.8588
2.56155,3.14189,28.7516
2.57107,3.18108,28.6449
2.58106,3.22066,28.5388
2.59153,3.26065,28.4332
2.60248,3.30105,28.3282
2.61389,3.34187,28.2238
2.62577,3.38311,28.1199
2.63812,3.4248,28.0166
2.65094,3.46693,27.9139
2.66423,3.50952,27.8117
2.67799,3.55257,27.7101
2.69222,3.59609,27.609
2.70692,3.6401,27.5086
2.72208,3.68459,27.4087
2.73772,3.72959,27.3093
2.75382,3.7751,27.2106
2.7704,3.82112,27.1125
2.78745,3.86768,27.0149
2.80497,3.91477,26.9179
2.82296,3.96241,26.8215
2.84143,4.01061,26.7257
2.86038,4.05938,26.6305
2.8798,4.10873,26.5359
2.8997,4.15866,26.4419
2.92009,4.2092,26.3485
2.94095,4.26035,26.2557
2.96231,4.31211,26.1635
2.98415,4.36451,26.0719
3.00648,4.41755,25.981
3.0293,4.47124,25.8906
3.05262,4.5256,25.8009
3.07644,4.58063,25.7118
3.10076,4.63635,25.6234
3.12558,4.69277,25.5356
3.15091,4.74989,25.4485
3.17675,4.80774,25.362
3.2031,4.86632,25.2761
3.22997,4.92565,25.1909
3.25736,4.98573,25.1064
3.28528,5.04658,25.0226
3.31373,5.10822,24.9394
3.34271,5.17065,24.8569
3.37222,5.23388,24.7751
3.40228,5.29794,24.694
3.43289,5.36283,24.6136
3.46404,5.42856,24.5339
3.49575,5.49515,24.4549
3.52802,5.56261,24.3767
3.56086,5.63096,24.2992
3.59427,5.70021,24.2224
3.62825,5.77036,24.1464
3.66282,5.84145,24.0711
3.69797,5.91347,23.9966
3.73372,5.98644,23.9229
3.77006,6.06038,23.8499
3.80701,6.13531,23.7778
3.84457,6.21123,23.7064
3.88274,6.28816,23.6359
3.92154,6.36611,23.5662
3.96097,6.44511,23.4973
4.00104,6.52515,23.4293
4.04175,6.60627,23.3621
4.0831,6.68847,23.2958
4.12512,6.77177,23.2303
4.1678,6.85619,23.1658
4.21115,6.94174,23.1022
4.25518,7.02843,23.0394
4.2999,7.11628,22.9777
4.34531,7.20531,22.9168
4.39142,7.29553,22.857
4.43824,7.38696,22.7981
4.48578,7.47961,22.7401
4.53405,7.5735,22.6832
4.58305,7.66865,22.6274
4.63279,7.76507,22.5725
4.68328,7.86278,22.5187
4.73454,7.9618,22.466
4.78656,8.06214,22.4144
4.83936,8.16381,22.3639
4.89294,8.26684,22.3145
4.94733,8.37124,22.2663
5.00251,8.47702,22.2192
5.05851,8.58421,22.1733
5.11534,8.69282,22.1287
5.173,8.80287,22.0853
5.2315,8.91436,22.0431
5.29085,9.02733,22.0022
5.35107,9.14179,21.9626
5.41216,9.25774,21.9243
5.47413,9.37522,21.8874
5.537,9.49423,21.8519
5.60076,9.61479,21.8178
5.66545,9.73692,21.7851
5.73106,9.86064,21.7538
5.7976,9.98595,21.7241
5.86509,10.1129,21.6958
5.93353,10.2414,21.6691
6.00294,10.3716,21.644
6.07333,10.5035,21.6205
6.14471,10.6371,21.5986
6.21709,10.7723,21.5785
6.29048,10.9092,21.56
6.36489,11.0479,21.5432
6.44034,11.1883,21.5283
6.51683,11.3304,21.5151
6.59438,11.4743,21.5038
6.67299,11.62,21.4944
6.75269,11.7675,21.487
6.83347,11.9167,21.4815
6.91536,12.0678,21.478
6.99835,12.2207,21.4766
7.08247,12.3754,21.4773
7.16773,12.532,21.4801
7.25413,12.6904,21.4851
7.34169,12.8507,21.4923
7.43042,13.0128,21.5019
7.52033,13.1768,21.5137
7.61144,13.3427,21.528
7.70374,13.5105,21.5446
7.79725,13.6801,21.5638
7.89199,13.8517,21.5855
7.98797,14.0252,21.6097
8.08519,14.2005,21.6367
8.18366,14.3778,21.6663
8.2834,14.557,21.6987
8.38442,14.738,21.7339
8.48672,14.921,21.772
8.59032,15.1058,21.813
8.69522,15.2926,21.857
8.80144,15.4812,21.9041
8.90898,15.6717,21.9543
9.01785,15.864,22.0077
9.12806,16.0582,22.0644
9.23962,16.2543,22.1244
9.35253,16.4522,22.1878
9.46681,16.6518,22.2547
9.58245,16.8533,22.3251
9.69948,17.0565,22.3991
9.81788,17.2615,22.4768
9.93767,17.4682,22.5582
10.0589,17.6765,22.6435
10.1814,17.8866,22.7327
10.3054,18.0983,22.8259
10.4308,18.3115,22.9232
10.5576,18.5264,23.0246
10.6858,18.7427,23.1302
10.8154,18.9605,23.2401
10.9465,19.1798,23.3544
11.0789,19.4004,23.4732
11.2127,19.6224,23.5965
11.348,19.8456,23.7245
11.4847,20.0701,23.8572
11.6227,20.2957,23.9947
11.7622,20.5224,24.137
11.9031,20.7501,24.2844
12.0453,20.9788,24.4368
12.1889,21.2083,24.5943
12.3339,21.4387,24.757
12.4803,21.6697,24.9251
12.628,21.9014,25.0986
12.777,22.1335,25.2775
12.9274,22.3662,25.462
13.0791,22.5991,25.6521
13.232,22.8323,25.8479
13.3863,23.0655,26.0496
13.5417,23.2988,26.2571
13.6985,23.5319,26.4705
13.8564,23.7648,26.69
14.0155,23.9973,26.9156
14.1758,24.2293,27.1474
14.3372,24.4606,27.3854
14.4998,24.6912,27.6297
14.6633,24.9207,27.8804
14.828,25.1492,28.1376
14.9936,25.3764,28.4012
15.1602,25.6021,28.6713
15.3277,25.8263,28.9481
15.4962,26.0486,29.2315
15.6654,26.269,29.5216
15.8355,26.4872,29.8184
16.0062,26.7031,30.1219
16.1777,26.9165,30.4322
16.3499,27.127,30.7493
16.5226,27.3347,31.0733
16.6958,27.5391,31.404
16.8696,27.7402,31.7416
17.0437,27.9376,32.086
17.2181,28.1313,32.4373
17.3929,28.3208,32.7953
17.5678,28.506,33.16
17.7429,28.6867,33.5315
17.918,28.8627,33.9097
18.0931,29.0335,34.2946
18.2681,29.1991,34.686
18.4428,29.3592,35.0839
18.6173,29.5135,35.4882
18.7915,29.6617,35.8989
18.9652,29.8036,36.3158
19.1383,29.939,36.7388
19.3108,30.0675,37.1678
19.4825,30.189,37.6026
19.6533,30.3031,38.0432
19.8232,30.4096,38.4893
19.9921,30.5082,38.9409
20.1597,30.5988,39.3976
20.3261,30.6809,39.8593
20.491,30.7544,40.3259
20.6545,30.8191,40.797
20.8162,30.8746,41.2725
20.9763,30.9207,41.7522
21.1344,30.9573,42.2356
21.2906,30.9841,42.7227
21.4446,31.0008,43.2131
21.5963,31.0072,43.7065
21.7457,31.0032,44.2026
21.8925,30.9885,44.7011
22.0367,30.963,45.2017
22.1781,30.9264,45.7041
22.3166,30.8787,46.2078
22.4521,30.8197,46.7125
22.5843,30.7491,47.2179
22.7133,30.667,47.7235
22.8388,30.5731,48.2291
22.9607,30.4674,48.7341
23.079,30.3499,49.2382
23.1934,30.2203,49.7409
23.3038,30.0788,50.2419
23.4101,29.9252,50.7407
23.5122,29.7595,51.2369
23.61,29.5818,51.7301
23.7033,29.392,52.2198
23.792,29.1902,52.7056
23.876,28.9765,53.187
23.9552,28.7509,53.6636
24.0294,28.5135,54.135
24.0986,28.2645,54.6007
24.1627,28.004,55.0603
24.2215,27.7321,55.5134
24.275,27.4489,55.9595
24.3231,27.1548,56.3982
24.3656,26.85,56.8292
24.4025,26.5345,57.2519
24.4338,26.2088,57.666
24.4593,25.873,58.0712
24.479,25.5275,58.467
24.4928,25.1725,58.8531
24.5007,24.8085,59.2292
24.5027,24.4356,59.5948
24.4986,24.0543,59.9498
24.4884,23.6649,60.2937
24.4722,23.2678,60.6264
24.4499,22.8635,60.9475
24.4215,22.4522,61.2567
24.3869,22.0344,61.554
24.3462,21.6106,61.8389
24.2993,21.1812,62.1115
24.2464,20.7465,62.3714
24.1874,20.3071,62.6185
24.1222,19.8635,62.8527
24.0511,19.4159,63.074
23.9739,18.965,63.2821
23.8908,18.5111,63.477
23.8018,18.0548,63.6587
23.7069,17.5965,63.8272
23.6063,17.1366,63.9824
23.4999,16.6756,64.1244
23.3879,16.2139,64.2532
23.2704,15.7521,64.3688
23.1474,15.2905,64.4714
23.019,14.8295,64.561
22.8853,14.3696,64.6377
22.7465,13.9112,64.7016
22.6027,13.4547,64.753
22.4538,13.0005,64.7919
22.3002,12.549,64.8185
22.1418,12.1006,64.8331
21.9789,11.6555,64.8358
21.8115,11.2142,64.8268
21.6398,10.777,64.8064
21.464,10.3442,64.7749
21.2841,9.91611,64.7324
21.1002,9.49301,64.6792
20.9127,9.07518,64.6157
20.7215,8.66287,64.542
20.5268,8.25634,64.4584
20.3289,7.8558,64.3653
20.1278,7.46148,64.263
19.9236,7.07355,64.1517
19.7166,6.69221,64.0318
19.5069,6.31762,63.9034
19.2946,5.94993,63.7671
19.0799,5.58928,63.623
18.8629,5.23577,63.4715
18.6439,4.88953,63.3129
18.4229,4.55063,63.1474
18.2,4.21917,62.9755
17.9755,3.89519,62.7973
17.7495,3.57875,62.6132
17.5221,3.26989,62.4235
17.2935,2.96863,62.2285
17.0638,2.67499,62.0285
16.8331,2.38896,61.8237
16.6016,2.11055,61.6144
16.3694,1.83973,61.4009
16.1367,1.57646,61.1835
15.9035,1.32072,60.9624
15.6701,1.07245,60.7379
15.4364,0.831591,60.5102
15.2028,0.598089,60.2796
14.9691,0.371867,60.0462
14.7357,0.152847,59.8104
14.5025,-0.059057,59.5723
14.2697,-0.263936,59.3322
14.0375,-0.461888,59.0902
13.8058,-0.653014,58.8466
13.5748,-0.837422,58.6015
13.3446,-1.01522,58.3551
13.1153,-1.18653,58.1076
12.887,-1.35146,57.8591
12.6597,-1.51015,57.6099
12.4336,-1.6627,57.3601
12.2087,-1.80925,57.1098
11.9851,-1.94993,56.8591
11.7628,-2.08486,56.6082
11.5419,-2.21419,56.3572
11.3226,-2.33803,56.1062
11.1048,-2.45653,55.8554
10.8887,-2.56982,55.6049
10.6742,-2.67802,55.3547
10.4614,-2.78129,55.1049
10.2504,-2.87974,54.8557
10.0413,-2.97352,54.607
9.83397,-3.06276,54.3591
9.62858,-3.14758,54.112
9.42514,-3.22813,53.8656
9.22369,-3.30452,53.6202
9.02425,-3.37689,53.3757
8.82686,-3.44537,53.1323
8.63155,-3.51008,52.8899
8.43834,-3.57114,52.6486
8.24725,-3.62868,52.4084
8.05831,-3.68282,52.1695
7.87154,-3.73368,51.9317
7.68695,-3.78137,51.6952
7.50456,-3.82601,51.46
7.32438,-3.86771,51.2261
7.14642,-3.90659,50.9936
6.97068,-3.94274,50.7624
6.79719,-3.97628,50.5325
6.62593,-4.00732,50.3041
6.45692,-4.03594,50.077
6.29016,-4.06226,49.8513
6.12565,-4.08636,49.6271
5.96338,-4.10835,49.4042
5.80335,-4.12832,49.1828
5.64556,-4.14635,48.9629
5.49001,-4.16254,48.7443
5.33668,-4.17697,48.5272
5.18557,-4.18973,48.3115
5.03667,-4.20089,48.0973
4.88996,-4.21054,47.8844
4.74545,-4.21875,47.673
4.6031,-4.2256,47.463
4.46292,-4.23116,47.2544
4.32489,-4.2355,47.0472
4.18898,-4.23869,46.8414
4.0552,-4.24079,46.6369
3.92351,-4.24188,46.4339
3.7939,-4.24201,46.2322
3.66635,-4.24125,46.0318
3.54085,-4.23965,45.8328
3.41737,-4.23727,45.6351
3.29589,-4.23416,45.4388
3.1764,-4.23039,45.2437
3.05887,-4.226,45.05
2.94328,-4.22104,44.8575
2.8296,-4.21556,44.6662
2.71782,-4.2096,44.4763
2.60792,-4.20322,44.2875
2.49986,-4.19645,44.1
2.39363,-4.18934,43.9138
2.2892,-4.18193,43.7287
2.18654,-4.17425,43.5448
2.08564,-4.16635,43.3621
1.98647,-4.15826,43.1805
1.889,-4.15002,43.0001
1.79322,-4.14166,42.8208
1.69908,-4.13322,42.6427
1.60657,-4.12472,42.4656
1.51567,-4.11619,42.2897
1.42635,-4.10767,42.1148
1.33857,-4.09919,41.941
1.25233,-4.09076,41.7683
1.16759,-4.08242,41.5966
1.08432,-4.07419,41.426
1.00251,-4.06609,41.2564
0.922116,-4.05816,41.0878
0.843128,-4.0504,40.9202
0.765515,-4.04285,40.7536
0.689252,-4.03551,40.588
0.614314,-4.02842,40.4233
0.540676,-4.02159,40.2596
0.468313,-4.01504,40.0969
0.3972,-4.00879,39.9351
0.327313,-4.00285,39.7742
0.258627,-3.99724,39.6143
0.191118,-3.99197,39.4553
0.12476,-3.98706,39.2971
0.0595312,-3.98253,39.1399
-0.00459357,-3.97838,38.9835
-0.0676378,-3.97463,38.828
-0.129625,-3.9713,38.6734
-0.190579,-3.96839,38.5197
-0.250523,-3.96591,38.3668
-0.309479,-3.96388,38.2147
-0.367471,-3.96231,38.0635
-0.424521,-3.9612,37.9131
-0.480652,-3.96058,37.7636
-0.535886,-3.96044,37.6148
-0.590245,-3.96079,37.4669
-0.643751,-3.96165,37.3198
-0.696425,-3.96301,37.1734
-0.748289,-3.9649,37.0279
-0.799364,-3.96732,36.8831
-0.84967,-3.97027,36.7392
-0.89923,-3.97376,36.596
-0.948062,-3.97779,36.4536
-0.996188,-3.98239,36.3119
-1.04363,-3.98754,36.171
-1.0904,-3.99326,36.0308
-1.13653,-3.99955,35.8914
-1.18202,-4.00642,35.7528
-1.22691,-4.01387,35.6149
-1.27121,-4.02192,35.4777
-1.31494,-4.03055,35.3413
-1.35812,-4.03978,35.2056
-1.40076,-4.04962,35.0706
-1.44289,-4.06006,34.9364
-1.48452,-4.07112,34.8029
-1.52566,-4.08279,34.67
-1.56635,-4.09509,34.5379
-1.60659,-4.108,34.4066
-1.6464,-4.12155,34.2759
-1.6858,-4.13573,34.1459
-1.7248,-4.15055,34.0167
-1.76343,-4.16601,33.8881
-1.80169,-4.18212,33.7603
-1.83961,-4.19887,33.6331
-1.87719,-4.21628,33.5066
-1.91446,-4.23434,33.3809
-1.95143,-4.25306,33.2558
-1.98812,-4.27245,33.1314
-2.02454,-4.29251,33.0077
-2.0607,-4.31324,32.8847
-2.09662,-4.33464,32.7624
-2.13232,-4.35672,32.6408
-2.16781,-4.37949,32.5199
-2.2031,-4.40294,32.3997
-2.23821,-4.42708,32.2801
-2.27315,-4.45192,32.1612
-2.30793,-4.47746,32.043
-2.34258,-4.5037,31.9256
-2.37709,-4.53065,31.8087
-2.4115,-4.5583,31.6926
-2.4458,-4.58668,31.5772
-2.48001,-4.61577,31.4624
-2.51415,-4.64559,31.3484
-2.54822,-4.67613,31.235
-2.58224,-4.70741,31.1223
-2.61623,-4.73942,31.0103
-2.65019,-4.77218,30.899
-2.68414,-4.80568,30.7884
-2.71808,-4.83993,30.6785
-2.75204,-4.87494,30.5693
-2.78602,-4.91071,30.4608
-2.82003,-4.94725,30.353
-2.85409,-4.98456,30.2459
-2.88821,-5.02264,30.1395
-2.9224,-5.06151,30.0338
-2.95667,-5.10116,29.9288
-2.99103,-5.14161,29.8245
-3.02549,-5.18286,29.721
-3.06007,-5.22491,29.6181
-3.09477,-5.26777,29.516
-3.12961,-5.31145,29.4146
-3.16459,-5.35596,29.3139
-3.19973,-5.40129,29.214
-3.23504,-5.44746,29.1148
-3.27053,-5.49447,29.0163
-3.30621,-5.54233,28.9186
-3.34209,-5.59105,28.8216
-3.37818,-5.64063,28.7254
-3.4145,-5.69108,28.6299
-3.45104,-5.74241,28.5352
-3.48782,-5.79462,28.4413
-3.52486,-5.84772,28.3481
-3.56216,-5.90173,28.2557
-3.59973,-5.95664,28.1641
-3.63758,-6.01246,28.0733
-3.67573,-6.06921,27.9833
-3.71418,-6.1269,27.8941
-3.75294,-6.18552,27.8056
-3.79202,-6.24509,27.718
-3.83144,-6.30561,27.6313
-3.8712,-6.36711,27.5453
-3.91131,-6.42957,27.4602
-3.95179,-6.49302,27.3759
-3.99264,-6.55746,27.2925
-4.03387,-6.62291,27.21
-4.07549,-6.68936,27.1283
-4.11751,-6.75683,27.0475
-4.15995,-6.82534,26.9675
-4.20281,-6.89488,26.8885
-4.2461,-6.96547,26.8104
-4.28983,-7.03712,26.7332
-4.33402,-7.10984,26.6569
-4.37866,-7.18363,26.5816
-4.42378,-7.25852,26.5072
-4.46938,-7.33451,26.4337
-4.51547,-7.4116,26.3613
-4.56206,-7.48982,26.2898
-4.60916,-7.56917,26.2193
-4.65678,-7.64965,26.1498
-4.70493,-7.7313,26.0813
-4.75363,-7.8141,26.0139
-4.80287,-7.89808,25.9475
-4.85268,-7.98324,25.8822
-4.90305,-8.0696,25.8179
-4.95401,-8.15717,25.7548
-5.00556,-8.24595,25.6927
-5.05771,-8.33597,25.6318
-5.11046,-8.42723,25.572
-5.16384,-8.51974,25.5134
-5.21786,-8.61351,25.4559
-5.27251,-8.70856,25.3996
-5.32781,-8.80489,25.3445
-5.38378,-8.90252,25.2907
-5.44042,-9.00146,25.2381
-5.49774,-9.10173,25.1867
-5.55575,-9.20332,25.1367
-5.61446,-9.30626,25.0879
-5.67389,-9.41055,25.0405
-5.73404,-9.51621,24.9944
-5.79492,-9.62324,24.9496
-5.85655,-9.73166,24.9063
-5.91893,-9.84148,24.8644
-5.98207,-9.95271,24.8239
-6.04599,-10.0654,24.7849
-6.1107,-10.1794,24.7473
-6.1762,-10.295,24.7113
-6.2425,-10.4119,24.6768
-6.30962,-10.5304,24.6439
-6.37757,-10.6503,24.6126
-6.44635,-10.7717,24.5829
-6.51598,-10.8946,24.5548
-6.58647,-11.0189,24.5284
-6.65782,-11.1448,24.5037
-6.73006,-11.2722,24.4808
-6.80318,-11.4012,24.4596
-6.8772,-11.5316,24.4403
-6.95212,-11.6636,24.4227
-7.02797,-11.7972,24.4071
-7.10474,-11.9323,24.3933
-7.18245,-12.069,24.3815
-7.26111,-12.2072,24.3716
-7.34073,-12.3471,24.3638
-7.42132,-12.4885,24.358
-7.50288,-12.6314,24.3543
-7.58544,-12.776,24.3527
-7.66899,-12.9221,24.3533
-7.75354,-13.0699,24.3561
-7.83911,-13.2192,24.3612
-7.92571,-13.3702,24.3685
-8.01334,-13.5227,24.3782
-8.10201,-13.6768,24.3902
-8.19173,-13.8326,24.4047
-8.28252,-13.9899,24.4216
-8.37437,-14.1488,24.4411
-8.4673,-14.3093,24.4631
-8.56132,-14.4713,24.4877
-8.65643,-14.635,24.515
-8.75263,-14.8002,24.545
-8.84995,-14.9669,24.5777
-8.94838,-15.1352,24.6133
-9.04793,-15.3051,24.6517
-9.14861,-15.4765,24.693
-9.25042,-15.6494,24.7373
-9.35338,-15.8237,24.7847
-9.45748,-15.9996,24.8351
-9.56273,-16.1769,24.8887
-9.66913,-16.3557,24.9454
-9.7767,-16.5359,25.0054
-9.88543,-16.7175,25.0687
-9.99533,-16.9005,25.1354
-10.1064,-17.0848,25.2055
-10.2186,-17.2704,25.2791
-10.3321,-17.4574,25.3562
-10.4466,-17.6456,25.437
-10.5624,-17.835,25.5214
-10.6794,-18.0256,25.6096
-10.7975,-18.2173,25.7016
-10.9168,-18.4102,25.7974
-11.0373,-18.6041,25.8972
-11.1589,-18.7991,26.001
-11.2818,-18.995,26.1088
-11.4058,-19.1918,26.2207
-11.5309,-19.3895,26.3368
-11.6572,-19.5881,26.4572
-11.7847,-19.7873,26.5819
-11.9133,-19.9873,26.7109
-12.0431,-20.1879,26.8444
-12.174,-20.389,26.9824
-12.3059,-20.5906,27.125
-12.4391,-20.7927,27.2722
-12.5733,-20.995,27.4241
-12.7085,-21.1976,27.5808
-12.8449,-21.4004,27.7423
-12.9823,-21.6033,27.9087
-13.1208,-21.8062,28.08
-13.2602,-22.0089,28.2563
-13.4007,-22.2115,28.4376
-13.5422,-22.4137,28.6241
-13.6846,-22.6155,28.8157
-13.828,-22.8169,29.0126
-13.9722,-23.0175,29.2147
-14.1174,-23.2175,29.4221
-14.2634,-23.4166,29.6348
-14.4103,-23.6146,29.853
-14.558,-23.8116,30.0766
-14.7064,-24.0073,30.3057
-14.8556,-24.2016,30.5403
-15.0055,-24.3944,30.7804
-15.156,-24.5855,31.0262
-15.3072,-24.7748,31.2775
-15.459,-24.9622,31.5344
-15.6113,-25.1474,31.797
-15.7641,-25.3303,32.0652
-15.9174,-25.5108,32.3391
-16.0711,-25.6886,32.6186
-16.2251,-25.8637,32.9038
-16.3795,-26.0359,33.1947
-16.5341,-26.2049,33.4912
-16.6889,-26.3706,33.7933
-16.8439,-26.5328,34.101
-16.999,-26.6914,34.4143
-17.154,-26.846,34.7331
-17.3091,-26.9967,35.0575
-17.464,-27.1431,35.3872
-17.6188,-27.2851,35.7224
-17.7733,-27.4224,36.0629
-17.9275,-27.555,36.4086
-18.0814,-27.6825,36.7596
-18.2348,-27.8048,37.1156
-18.3876,-27.9216,37.4766
-18.5398,-28.0329,37.8426
-18.6913,-28.1383,38.2133
-18.8421,-28.2377,38.5887
-18.992,-28.3309,38.9687
-19.1409,-28.4177,39.353
-19.2888,-28.4978,39.7417
-19.4356,-28.5712,40.1344
-19.5811,-28.6375,40.5312
-19.7253,-28.6967,40.9316
-19.8682,-28.7485,41.3357
-20.0095,-28.7927,41.7433
-20.1492,-28.8292,42.154
-20.2872,-28.8577,42.5677
-20.4234,-28.8782,42.9842
-20.5577,-28.8904,43.4034
-20.69,-28.8942,43.8248
-20.8202,-28.8895,44.2483
-20.9482,-28.876,44.6737
-21.0739,-28.8537,45.1006
-21.1971,-28.8225,45.5289
-21.3179,-28.7821,45.9582
-21.436,-28.7325,46.3883
-21.5513,-28.6737,46.8188
-21.6638,-28.6054,47.2496
-21.7734,-28.5276,47.6801
-21.8799,-28.4403,48.1103
-21.9833,-28.3434,48.5397
-22.0834,-28.2368,48.968
-22.1802,-28.1205,49.395
-22.2735,-27.9944,49.8202
-22.3632,-27.8587,50.2434
-22.4493,-27.7132,50.6642
-22.5316,-27.5579,51.0822
-22.6101,-27.393,51.4972
-22.6846,-27.2184,51.9089
-22.7552,-27.0342,52.3167
-22.8215,-26.8405,52.7205
-22.8837,-26.6373,53.1199
-22.9416,-26.4247,53.5146
-22.9952,-26.203,53.9042
-23.0443,-25.9721,54.2883
-23.0888,-25.7322,54.6668
-23.1288,-25.4835,55.0391
-23.1642,-25.2262,55.4052
-23.1948,-24.9603,55.7645
-23.2206,-24.6862,56.1168
-23.2417,-24.404,56.4619
-23.2578,-24.114,56.7994
-23.2691,-23.8163,57.1291
-23.2753,-23.5113,57.4507
-23.2766,-23.1991,57.7639
-23.2728,-22.8801,58.0685
-23.264,-22.5545,58.3642
-23.2501,-22.2226,58.6509
-23.2311,-21.8847,58.9283
-23.207,-21.5411,59.1962
-23.1778,-21.1921,59.4545
-23.1435,-20.838,59.7029
-23.104,-20.4792,59.9413
-23.0595,-20.116,60.1696
-23.0099,-19.7487,60.3877
-22.9551,-19.3777,60.5953
-22.8954,-19.0033,60.7925
-22.8306,-18.6258,60.9791
-22.7608,-18.2456,61.1551
-22.6861,-17.8631,61.3205
-22.6065,-17.4786,61.4751
-22.5221,-17.0924,61.6189
-22.4328,-16.7049,61.752
-22.3388,-16.3165,61.8744
-22.2401,-15.9275,61.986
-22.1368,-15.5381,62.087
-22.029,-15.1488,62.1773
-21.9167,-14.76,62.257
-21.8,-14.3718,62.3262
-21.679,-13.9846,62.385
-21.5538,-13.5988,62.4335
-21.4245,-13.2146,62.4718
-21.2911,-12.8324,62.5
-21.1538,-12.4524,62.5183
-21.0127,-12.0749,62.5267
-20.8678,-11.7002,62.5256
-20.7194,-11.3285,62.5149
-20.5674,-10.9601,62.4949
-20.412,-10.5952,62.4659
-20.2533,-10.2341,62.4278
-20.0914,-9.87696,62.381
-19.9264,-9.52402,62.3257
-19.7586,-9.17547,62.2621
-19.5878,-8.83149,62.1903
-19.4144,-8.49226,62.1106
-19.2384,-8.15794,62.0232
-19.0599,-7.82869,61.9284
-18.879,-7.50465,61.8263
-18.6959,-7.18595,61.7172
-18.5107,-6.87271,61.6013
-18.3235,-6.56503,61.4789
-18.1345,-6.26303,61.3502
-17.9437,-5.96679,61.2153
-17.7513,-5.67637,61.0747
-17.5573,-5.39186,60.9283
-17.362,-5.11331,60.7766
-17.1654,-4.84077,60.6198
-16.9677,-4.57427,60.4579
-16.7689,-4.31384,60.2914
-16.5691,-4.05951,60.1204
-16.3686,-3.81129,59.945
-16.1673,-3.56918,59.7656
-15.9655,-3.33318,59.5824
-15.7631,-3.10326,59.3955
-15.5604,-2.87943,59.2051
-15.3574,-2.66165,59.0115
-15.1542,-2.44988,58.8149
-14.9509,-2.24409,58.6153
-14.7476,-2.04423,58.4131
-14.5444,-1.85026,58.2084
-14.3414,-1.66211,58.0013
-14.1387,-1.47974,57.7921
-13.9364,-1.30306,57.5809
-13.7345,-1.13202,57.3678
-13.5331,-0.966535,57.1531
-13.3324,-0.806535,56.9368
-13.1323,-0.651937,56.7191
-12.933,-0.502657,56.5002
-12.7346,-0.358611,56.2802
-12.537,-0.219708,56.0591
-12.3404,-0.0858586,55.8372
-12.1449,0.0430309,55.6146
-11.9504,0.167055,55.3913
-11.7571,0.28631,55.1675
-11.5651,0.400894,54.9433
-11.3742,0.510905,54.7187
-11.1847,0.616442,54.4939
-10.9966,0.717606,54.269
-10.8099,0.814498,54.044
-10.6247,0.907217,53.8191
-10.4409,0.995866,53.5942
-10.2587,1.08055,53.3696
-10.0781,1.16136,53.1451
-9.89904,1.2384,52.921
-9.72167,1.31177,52.6973
-9.54598,1.38158,52.4739
-9.372,1.44792,52.2511
-9.19975,1.51088,52.0288
-9.02927,1.57057,51.8071
-8.86056,1.62709,51.586
-8.69367,1.68052,51.3656
-8.5286,1.73096,51.1459
-8.36537,1.77851,50.9269
-8.204,1.82325,50.7087
-8.0445,1.86528,50.4913
-7.88689,1.90468,50.2748
-7.73117,1.94155,50.0591
-7.57736,1.97596,49.8443
-7.42547,2.00801,49.6304
-7.2755,2.03777,49.4174
-7.12745,2.06532,49.2054
-6.98133,2.09076,48.9944
-6.83714,2.11415,48.7843
-6.69489,2.13557,48.5752
-6.55457,2.15509,48.3671
-6.41618,2.1728,48.16
-6.27972,2.18876,47.9539
-6.14518,2.20303,47.7489
-6.01257,2.2157,47.5449
-5.88188,2.22682,47.3419
-5.75309,2.23646,47.1399
-5.62621,2.24469,46.939
-5.50122,2.25156,46.7392
-5.37812,2.25714,46.5403
-5.25689,2.26148,46.3426
-5.13753,2.26465,46.1458
-5.02002,2.26669,45.9501
-4.90435,2.26766,45.7555
-4.79051,2.26762,45.5618
-4.67848,2.26661,45.3692
-4.56826,2.26469,45.1777
-4.45982,2.2619,44.9871
-4.35316,2.25828,44.7976
-4.24825,2.25389,44.6091
-4.14509,2.24877,44.4216
-4.04364,2.24295,44.2351
-3.94391,2.23649,44.0495
-3.84586,2.22942,43.865
-3.74949,2.22178,43.6815
-3.65478,2.2136,43.4989
-3.5617,2.20493,43.3173
-3.47024,2.19579,43.1367
-3.38038,2.18623,42.957
-3.2921,2.17626,42.7782
-3.20539,2.16594,42.6004
-3.12021,2.15528,42.4235
-3.03656,2.14431,42.2476
-2.95442,2.13307,42.0725
-2.87376,2.12157,41.8984
-2.79456,2.10986,41.7251
-2.71681,2.09794,41.5528
-2.64048,2.08585,41.3813
-2.56556,2.07361,41.2107
-2.49202,2.06124,41.041
-2.41985,2.04877,40.8721
-2.34902,2.0362,40.7041
-2.27952,2.02358,40.5369
-2.21131,2.0109,40.3706
-2.1444,1.9982,40.205
-2.07874,1.98549,40.0404
-2.01434,1.97279,39.8765
-1.95115,1.9601,39.7134
-1.88917,1.94746,39.5511
-1.82837,1.93487,39.3896
-1.76874,1.92235,39.2289
-1.71025,1.90991,39.069
-1.65289,1.89756,38.9098
-1.59663,1.88532,38.7514
-1.54146,1.8732,38.5938
-1.48735,1.86121,38.4369
-1.4343,1.84937,38.2808
-1.38227,1.83767,38.1254
-1.33125,1.82614,37.9707
-1.28123,1.81477,37.8167
-1.23217,1.80359,37.6635
-1.18408,1.7926,37.511
-1.13692,1.7818,37.3592
-1.09067,1.77121,37.208
-1.04533,1.76083,37.0576
-1.00087,1.75066,36.9079
-0.957274,1.74073,36.7589
-0.914527,1.73102,36.6105
-0.872611,1.72156,36.4628
-0.831508,1.71233,36.3158
-0.791202,1.70336,36.1694
-0.751677,1.69464,36.0237
-0.712915,1.68618,35.8787
-0.6749,1.67798,35.7343
-0.637617,1.67005,35.5905
-0.60105,1.66238,35.4474
-0.565182,1.655,35.305
-0.529999,1.64789,35.1631
-0.495485,1.64106,35.0219
