13.5974,-13.5882,230.856,-230.865
22.1677,-22.087,151.775,-151.856
25.3187,-25.0373,114.471,-114.752
25.7479,-25.1038,91.5981,-92.2422
25.0096,-23.8756,75.4971,-76.6312
23.7932,-22.1322,63.2506,-64.9116
22.4061,-20.2733,53.5421,-55.6748
20.992,-18.4946,45.6827,-48.18
19.6204,-16.8726,39.2559,-42.0037
18.3245,-15.4213,33.9819,-36.8851
17.1182,-14.1286,29.6597,-32.6493
16.0049,-12.9754,26.1354,-29.1648
14.9817,-11.9435,23.2816,-26.3198
14.0425,-11.0177,20.9843,-24.0091
13.1794,-10.1858,19.138,-22.1317
12.3839,-9.4371,17.6465,-20.5933
11.6471,-8.76221,16.4267,-19.3116
10.9603,-8.15187,15.4112,-18.2196
10.3154,-7.59687,14.5483,-17.2668
9.70436,-7.0879,13.8006,-16.417
9.11992,-6.61559,13.1424,-15.6467
8.55507,-6.17084,12.557,-14.9413
8.00313,-5.74516,12.0349,-14.2929
7.45762,-5.33122,11.5715,-13.6979
6.91203,-4.92352,11.1659,-13.1544
6.35956,-4.51893,10.8196,-12.6602
5.79268,-4.1172,10.5351,-12.2106
5.2023,-3.72094,10.315,-11.7964
4.57678,-3.3348,10.1603,-11.4023
3.90159,-2.96277,10.066,-11.0048
3.16662,-2.60153,10.0041,-10.5692
2.41725,-2.22939,9.855,-10.0429
1.95905,-1.84475,9.2231,-9.3374
2.36261,-1.61309,7.53494,-8.28446
3.37095,-1.54527,4.85975,-6.68543
4.38206,-1.49339,4.16477,-7.05344
5.22196,-1.42207,5.2905,-9.09039
5.88201,-1.32766,5.85953,-10.4139
6.37592,-1.20809,6.09636,-11.2642
6.71512,-1.06472,6.15195,-11.8024
6.90862,-0.905669,6.09925,-12.1022
6.9667,-0.74745,5.98238,-12.2016
6.9048,-0.614808,5.8338,-12.1238
6.74624,-0.539083,5.67891,-11.8861
6.52157,-0.553568,5.53571,-11.5037
6.26177,-0.682811,5.41117,-10.9901
5.9884,-0.926306,5.29277,-10.3549
5.71725,-1.24855,5.13209,-9.60079
5.49924,-1.5994,4.82889,-8.72873
5.47782,-1.97489,4.30629,-7.80922
5.77036,-2.39121,3.90731,-7.28645
6.24429,-2.77632,4.06801,-7.53598
6.70599,-3.10159,4.35259,-7.95698
7.07185,-3.42226,4.5982,-8.24778
7.32518,-3.80674,4.8751,-8.39353
7.4708,-4.33002,5.27516,-8.41594
7.51955,-5.11727,5.93156,-8.33384
7.48444,-6.26898,6.94709,-8.16255
7.38,-5.73407,6.27055,-7.91649
7.2222,-4.59106,4.98031,-7.61145
7.0281,-3.87342,4.11187,-7.26656
6.81513,-3.39556,3.48643,-6.90599
6.59966,-3.06439,3.02399,-6.55926
6.39513,-2.83423,2.69556,-6.25646
6.21031,-2.67745,2.48436,-6.01722
6.04871,-2.57349,2.36636,-5.84158
5.90947,-2.50537,2.30974,-5.71384
5.7892,-2.45939,2.28502,-5.61483
5.68374,-2.42537,2.27195,-5.53032
5.58927,-2.39665,2.25965,-5.45227
5.50273,-2.36943,2.2437,-5.37699
5.42186,-2.34196,2.22327,-5.30318
5.34511,-2.3137,2.19916,-5.23056
5.27143,-2.28475,2.17261,-5.15929
5.20022,-2.25545,2.14479,-5.08956
5.13116,-2.22618,2.11662,-5.02159
5.06409,-2.1973,2.08876,-4.95555
4.99893,-2.16917,2.06185,-4.89161
4.93551,-2.14227,2.03676,-4.83
4.87344,-2.11738,2.01498,-4.77105
4.81199,-2.09584,1.99911,-4.71526
4.75,-2.08008,1.99357,-4.6635
4.6859,-2.0745,2.00573,-4.61714
4.61816,-2.08758,2.04797,-4.57855
4.54643,-2.13664,2.14178,-4.55157
4.47446,-2.26003,2.32755,-4.54198
4.41586,-2.55303,2.69427,-4.55711
4.40039,-3.30129,3.50453,-4.60363
4.46567,-3.36591,3.58368,-4.68344
4.62133,-2.24472,2.41381,-4.79042
4.83134,-1.69233,1.77236,-4.91136
5.04798,-1.35766,1.34012,-5.03044
5.2401,-1.12035,1.01358,-5.13333
5.39318,-0.935312,0.75116,-5.20902
5.5021,-0.786974,0.534729,-5.24986
5.56667,-0.673272,0.357275,-5.25068
5.58965,-0.599714,0.217547,-5.20749
5.57598,-0.578044,0.117235,-5.11517
5.53219,-0.628549,0.0599705,-4.96361
5.46591,-0.790021,0.0573104,-4.7332
5.38639,-1.16088,0.19051,-4.41602
5.30812,-2.18248,1.15231,-4.27795
5.25803,-1.69272,1.15064,-4.71596
5.27335,-0.816772,0.750463,-5.20704
5.36782,-0.471163,0.678888,-5.57554
5.50594,-0.334575,0.665982,-5.83735
5.63699,-0.283175,0.656617,-6.01043
5.72853,-0.260301,0.63688,-6.10511
5.76721,-0.246368,0.607181,-6.12803
5.7509,-0.239521,0.573616,-6.08499
5.68373,-0.244983,0.543708,-5.98245
5.57382,-0.27015,0.524413,-5.82809
5.43184,-0.322613,0.521628,-5.63086
5.26955,-0.409104,0.540455,-5.4009
5.09778,-0.534066,0.585456,-5.14917
4.92404,-0.697579,0.660103,-4.88657
4.75071,-0.89367,0.764727,-4.62177
4.57509,-1.11068,0.893579,-4.35798
4.3911,-1.33488,1.03392,-4.09014
4.19165,-1.55745,1.17052,-3.80473
3.97189,-1.77876,1.29116,-3.48429
3.73822,-1.94403,1.34393,-3.13811
3.5354,-1.75446,1.16538,-2.94633
3.46326,-1.39592,1.03559,-3.10293
3.54701,-1.22207,1.01662,-3.34156
3.68651,-1.17149,1.01402,-3.52904
3.81453,-1.16278,1.01244,-3.66419
3.91532,-1.16661,1.01151,-3.76022
3.99007,-1.17372,1.01103,-3.82737
4.04309,-1.18006,1.00967,-3.87269
4.07851,-1.1831,1.00561,-3.90103
4.09969,-1.18147,0.997615,-3.91584
4.10926,-1.17565,0.98606,-3.91968
4.10929,-1.16878,0.973993,-3.9145
4.1014,-1.16767,0.968092,-3.90182
4.08685,-1.18414,0.9801,-3.88281
4.06663,-1.2385,1.03039,-3.85853
4.04151,-1.37013,1.15889,-3.83026
4.01203,-1.66936,1.45783,-3.80051
3.97861,-1.92044,1.71663,-3.7748
3.94155,-1.18628,1.0087,-3.76397
3.90111,-0.650614,0.532757,-3.78325
3.85766,-0.268528,0.253379,-3.84251
3.81186,0.0241145,0.0980584,-3.93403
3.76477,0.251519,0.0195307,-4.03582
3.71793,0.423225,-0.0153186,-4.12583
3.67299,0.543001,-0.0268568,-4.18913
3.6311,0.612961,-0.0266735,-4.21739
3.59237,0.635724,-0.0213192,-4.20677
3.55596,0.615046,-0.0144371,-4.15657
3.52093,0.555291,-0.0076353,-4.06858
3.48687,0.46068,-0.000575678,-3.94698
3.45413,0.335092,0.00957115,-3.79879
3.4233,0.182499,0.0293458,-3.63515
3.3948,0.00773533,0.0702328,-3.47276
3.36861,-0.182621,0.146509,-3.3325
3.34441,-0.379221,0.264974,-3.23017
3.32174,-0.568998,0.41319,-3.16593
3.30013,-0.735652,0.562979,-3.12746
3.27924,-0.863779,0.686405,-3.10187
3.25884,-0.946051,0.76863,-3.08141
3.23876,-0.986963,0.810857,-3.06266
3.21896,-0.998856,0.824293,-3.04439
3.19938,-0.994993,0.821888,-3.02627
3.18002,-0.985336,0.813547,-3.00823
3.16089,-0.975647,0.805041,-2.99029
3.142,-0.96819,0.798661,-2.97247
3.12335,-0.962824,0.794308,-2.95484
3.10495,-0.958069,0.790545,-2.93743
3.08681,-0.952144,0.785621,-2.92028
3.06893,-0.944045,0.778538,-2.90342
3.05134,-0.934625,0.770127,-2.88684
3.03408,-0.927632,0.764072,-2.87052
3.01723,-0.930824,0.768027,-2.85443
3.0009,-0.957966,0.795673,-2.83861
2.98531,-1.03396,0.872162,-2.82351
2.97076,-1.20414,1.04424,-2.81086
2.9578,-1.36182,1.20942,-2.80541
2.94732,-0.922783,0.792309,-2.81684
2.94079,-0.496398,0.413747,-2.85814
2.94035,-0.180537,0.175746,-2.93556
2.94851,0.0631215,0.0278974,-3.03953
2.96703,0.252216,-0.0684507,-3.15079
2.99533,0.395545,-0.138613,-3.25226
3.02978,0.499563,-0.19633,-3.33302
3.06482,0.569877,-0.247717,-3.38698
3.09525,0.610493,-0.294484,-3.41126
3.11802,0.623142,-0.335819,-3.40534
3.1327,0.607606,-0.369229,-3.37107
3.14078,0.56286,-0.390583,-3.31305
3.14442,0.488417,-0.393589,-3.23925
3.14534,0.385281,-0.369492,-3.16113
3.14437,0.256201,-0.308918,-3.09165
3.14164,0.105459,-0.207141,-3.03995
3.13698,-0.0611568,-0.0689981,-3.00682
3.13027,-0.235648,0.0919414,-2.98656
3.12151,-0.406431,0.257408,-2.97248
3.11082,-0.557828,0.407099,-2.96009
3.09837,-0.673799,0.522607,-2.94717
3.08433,-0.74644,0.595069,-2.93296
3.06886,-0.78069,0.629149,-2.91732
3.05205,-0.789254,0.63753,-2.90032
3.03395,-0.784891,0.633019,-2.88208
3.01458,-0.776629,0.624675,-2.86263
2.99394,-0.769346,0.61738,-2.84197
2.97197,-0.76465,0.612716,-2.82004
2.94865,-0.761929,0.610039,-2.79676
2.9239,-0.759331,0.607466,-2.77203
2.89767,-0.754706,0.602845,-2.74581
2.86992,-0.746582,0.594764,-2.7181
2.84061,-0.735136,0.583562,-2.68903
2.80973,-0.723048,0.572253,-2.65894
2.77733,-0.716316,0.567403,-2.62842
2.7436,-0.725666,0.580548,-2.59848
2.70918,-0.77037,0.631827,-2.57063
2.67594,-0.885146,0.756114,-2.54691
2.64874,-1.00132,0.882397,-2.52981
2.63756,-0.662357,0.546744,-2.52195
2.6563,-0.32456,0.193858,-2.5256
2.71208,-0.0991427,-0.0707567,-2.54218
2.79534,0.0547317,-0.278169,-2.5719
2.88766,0.169997,-0.444059,-2.6136
2.97413,0.265813,-0.575312,-2.66463
3.04637,0.349806,-0.675019,-2.72115
3.10066,0.422701,-0.74467,-2.77869
3.13645,0.481594,-0.784977,-2.83306
3.15565,0.521584,-0.796205,-2.88103
3.16218,0.536705,-0.77843,-2.92045
3.16076,0.521002,-0.731768,-2.94999
3.15501,0.469922,-0.656329,-2.9686
3.14577,0.380839,-0.551504,-2.97511
3.13103,0.25074,-0.413777,-2.968
3.10741,0.068385,-0.230073,-2.94572
3.07235,-0.213359,0.049375,-2.90836
3.02815,-0.809019,0.644699,-2.86383
2.9915,-0.33317,0.183686,-2.84202
3.00062,-0.077281,-0.0357646,-2.88758
3.07557,-0.0014925,-0.0812403,-2.99283
3.18226,0.00510942,-0.0775328,-3.10983
3.28483,-0.00181852,-0.0705744,-3.21244
3.36979,-0.00516913,-0.0703456,-3.29427
3.43469,-0.00395274,-0.0753338,-3.3554
3.48044,-0.00122493,-0.0817884,-3.39742
3.50876,-0.000136017,-0.086425,-3.4222
3.52162,-0.00305403,-0.0869003,-3.43167
3.52113,-0.0115923,-0.0816592,-3.42788
3.50951,-0.0268096,-0.0696932,-3.413
3.4891,-0.0493696,-0.0503649,-3.38937
3.46233,-0.0796097,-0.0233294,-3.35939
3.43161,-0.117515,0.0114427,-3.32554
3.3992,-0.162602,0.0535479,-3.29014
3.36711,-0.21375,0.101963,-3.25532
3.33692,-0.269029,0.154859,-3.22275
3.30972,-0.325679,0.209548,-3.19359
3.28604,-0.380381,0.262745,-3.1684
3.26591,-0.429974,0.31128,-3.14721
3.24889,-0.472475,0.353139,-3.12955
3.23419,-0.508,0.388397,-3.11458
3.2207,-0.539154,0.419627,-3.10118
3.20708,-0.570936,0.45182,-3.08797
3.19174,-0.610556,0.492202,-3.07339
3.17289,-0.666256,0.549058,-3.05569
3.14868,-0.731737,0.616142,-3.03309
3.11774,-0.701875,0.588303,-3.00417
3.08104,-0.492018,0.380489,-2.96952
3.04706,-0.261804,0.150715,-2.93597
3.03913,-0.0870934,-0.0284112,-2.92363
3.08258,0.00993914,-0.134385,-2.95814
3.16721,0.0459409,-0.177156,-3.03599
3.26146,0.056588,-0.190154,-3.12789
3.34639,0.0629047,-0.196339,-3.21296
3.41574,0.0717146,-0.204029,-3.28343
3.46833,0.0835933,-0.214418,-3.3375
3.50462,0.0966483,-0.225821,-3.37545
3.52572,0.107783,-0.235191,-3.39831
3.5331,0.112953,-0.238481,-3.40757
3.52864,0.106842,-0.230358,-3.40512
3.51461,0.0817614,-0.203136,-3.39323
3.49359,0.0245751,-0.143726,-3.37444
3.46824,-0.0940778,-0.0228549,-3.35131
3.44118,-0.378877,0.264076,-3.32638
3.41524,-0.394468,0.281784,-3.30256
3.39465,0.00687855,-0.117043,-3.28449
3.38644,0.20665,-0.313241,-3.27985
3.39847,0.322333,-0.424286,-3.29651
3.43171,0.384385,-0.481967,-3.33413
3.47644,0.413139,-0.507908,-3.38168
3.51957,0.424534,-0.51812,-3.42598
3.55194,0.427137,-0.52065,-3.45843
3.5695,0.423295,-0.517404,-3.4754
3.57182,0.411864,-0.506992,-3.4767
3.5608,0.390136,-0.486568,-3.46437
3.53968,0.354902,-0.452815,-3.44177
3.51213,0.303172,-0.402603,-3.4127
3.48129,0.232838,-0.333662,-3.38046
3.44895,0.143219,-0.24517,-3.347
3.41535,0.0352466,-0.137997,-3.3126
3.37943,-0.0885437,-0.0147049,-3.27618
3.33947,-0.22344,0.119914,-3.23594
3.29336,-0.360166,0.256491,-3.18969
3.23882,-0.480469,0.376691,-3.13504
3.17324,-0.557496,0.453591,-3.06933
3.09404,-0.569502,0.465386,-2.98992
3.00124,-0.506626,0.402246,-2.89686
2.9105,-0.385967,0.281829,-2.80636
2.87732,-0.289714,0.187546,-2.77515
2.93001,-0.274426,0.17433,-2.82991
3.00963,-0.293659,0.194339,-2.91031
3.07971,-0.313597,0.214526,-2.98064
3.13472,-0.328055,0.22912,-3.03579
3.17655,-0.337927,0.239122,-3.07774
3.20772,-0.345823,0.24716,-3.10906
3.2303,-0.355863,0.257357,-3.1318
3.24587,-0.374645,0.276305,-3.14753
3.25562,-0.412981,0.314812,-3.15745
3.26051,-0.486263,0.388261,-3.1625
3.26134,-0.556707,0.458858,-3.16349
3.25883,-0.394254,0.296526,-3.1611
3.25368,-0.168518,0.0708512,-3.15601
3.24663,0.011545,-0.109257,-3.14892
3.23845,0.155365,-0.253291,-3.14052
3.22987,0.27186,-0.370229,-3.1315
3.22144,0.365473,-0.464544,-3.12237
3.21321,0.438574,-0.538547,-3.11324
3.20466,0.49285,-0.593751,-3.10376
3.19485,0.529784,-0.631371,-3.09326
3.18296,0.550485,-0.652249,-3.08119
3.16894,0.555282,-0.656539,-3.06768
3.15375,0.543547,-0.643634,-3.05366
3.13895,0.51408,-0.612563,-3.04046
3.12583,0.4659,-0.562703,-3.02902
3.11462,0.398825,-0.494167,-3.01927
3.10441,0.313224,-0.407435,-3.0102
3.09363,0.208898,-0.302259,-3.00027
3.08055,0.0831724,-0.175851,-2.98787
3.0635,-0.0730251,-0.019037,-2.97144
3.04089,-0.284788,0.193351,-2.94945
3.01115,-0.496698,0.405936,-2.92039
2.97289,-0.308188,0.218164,-2.88286
2.92584,-0.137671,0.0483813,-2.83655
2.87432,-0.0112094,-0.0776679,-2.78544
2.8353,0.081914,-0.171503,-2.74571
2.83714,0.123691,-0.215289,-2.74554
2.88187,0.115266,-0.20829,-2.78884
2.9409,0.0857185,-0.178899,-2.84772
2.99474,0.0543237,-0.147067,-2.90199
3.03776,0.0266029,-0.118751,-2.94562
3.06974,0.00299961,-0.0945371,-2.9782
3.09185,-0.0172306,-0.0737182,-3.0009
3.10551,-0.0350899,-0.0552974,-3.01512
3.11213,-0.0518721,-0.0379774,-3.02228
3.11303,-0.0694989,-0.0198327,-3.0237
3.10945,-0.0910316,0.00220022,-3.02062
3.10259,-0.121551,0.0332022,-3.01424
3.09351,-0.170177,0.0822879,-3.00562
3.08315,-0.255609,0.168152,-2.99569
3.07229,-0.409288,0.322226,-2.98523
3.06156,-0.35567,0.268968,-2.97485
3.05161,-0.110479,0.0241133,-2.96524
3.04348,0.0620867,-0.148089,-2.95748
3.03908,0.190962,-0.276484,-2.95356
3.04131,0.289749,-0.374575,-2.95648
3.05282,0.362479,-0.446388,-2.96891
3.07357,0.411669,-0.494613,-2.99062
3.09969,0.441609,-0.523763,-3.01754
3.12548,0.457417,-0.539066,-3.04383
3.14618,0.462873,-0.544289,-3.06476
3.15928,0.459602,-0.540993,-3.07789
3.16445,0.44743,-0.528942,-3.08293
3.16294,0.425095,-0.506817,-3.08122
3.15693,0.390957,-0.472922,-3.07497
3.14871,0.343669,-0.425853,-3.06653
3.14001,0.282731,-0.365063,-3.05768
3.13172,0.208762,-0.291152,-3.04933
3.12394,0.123532,-0.205893,-3.04158
3.11636,0.0300608,-0.112325,-3.0341
3.10858,-0.0667625,-0.0153592,-3.02645
3.10025,-0.159128,0.0771768,-3.0183
3.09119,-0.236576,0.154812,-3.00943
3.08131,-0.290719,0.209151,-2.99974
3.07059,-0.321383,0.240017,-2.98923
3.05909,-0.335138,0.253976,-2.97793
3.04688,-0.33914,0.258184,-2.96593
3.03406,-0.338286,0.257537,-2.95331
3.02073,-0.335345,0.254804,-2.94019
3.00703,-0.331694,0.251361,-2.92669
2.99312,-0.328014,0.247888,-2.91299
2.9792,-0.324941,0.245023,-2.89928
2.96552,-0.323732,0.244023,-2.88581
2.95241,-0.326898,0.2474,-2.87291
2.94027,-0.338656,0.259371,-2.86098
2.92961,-0.36351,0.28444,-2.85054
2.92104,-0.389768,0.310914,-2.84218
2.91526,-0.337827,0.259189,-2.83663
2.91301,-0.19223,0.1138,-2.83458
2.91492,-0.0443759,-0.0338592,-2.83668
2.9214,0.0825983,-0.160658,-2.84334
2.93249,0.190329,-0.268233,-2.85458
2.94782,0.281768,-0.359529,-2.87006
2.96668,0.358666,-0.436278,-2.88907
2.98816,0.421677,-0.499119,-2.91071
3.01127,0.470688,-0.547928,-2.93403
3.03506,0.505177,-0.582188,-2.95805
3.05859,0.524587,-0.601356,-2.98182
3.08094,0.528624,-0.605156,-3.00441
3.10126,0.517404,-0.593717,-3.02495
3.11886,0.491439,-0.567553,-3.04275
3.13325,0.451517,-0.527446,-3.05732
3.14408,0.398544,-0.474295,-3.06833
3.15116,0.333382,-0.40896,-3.07558
3.15428,0.256683,-0.332088,-3.07887
3.15317,0.168693,-0.243924,-3.07793
3.14743,0.0689638,-0.144022,-3.07237
3.13647,-0.0440906,-0.030797,-3.06158
3.11943,-0.172946,0.0982265,-3.04471
3.09517,-0.306155,0.2316,-3.02062
3.06243,-0.334326,0.259931,-2.98804
3.02078,-0.228244,0.154006,-2.94654
2.97495,-0.110765,0.0366955,-2.90088
2.9463,-0.0198391,-0.0540051,-2.87246
2.96651,0.0154841,-0.0890553,-2.89293
3.02417,0.00738718,-0.0807341,-2.95082
3.08643,-0.0113829,-0.0617858,-3.01326
3.14009,-0.0275693,-0.0454361,-3.06708
3.18332,-0.0389341,-0.033911,-3.11048
3.21706,-0.0458361,-0.0268491,-3.14437
3.24257,-0.0491311,-0.023394,-3.17004
3.26097,-0.0500226,-0.0223423,-3.1886
3.27322,-0.0503202,-0.0218849,-3.20101
3.28017,-0.0527854,-0.0192602,-3.20813
3.28261,-0.061684,-0.0102029,-3.21073
3.28131,-0.0841078,0.0123788,-3.20959
3.27705,-0.133876,0.0623038,-3.20548
3.27063,-0.241866,0.17045,-3.19921
3.26288,-0.28604,0.214779,-3.19162
3.25476,-0.0565968,-0.0145102,-3.18365
3.24733,0.103902,-0.174858,-3.17637
3.24187,0.219131,-0.289941,-3.17106
3.23978,0.30638,-0.37705,-3.16911
3.24208,0.372135,-0.442673,-3.17155
3.24868,0.419573,-0.489981,-3.17827
3.25786,0.451293,-0.521567,-3.18759
3.26688,0.469767,-0.539897,-3.19675
3.2731,0.476743,-0.546716,-3.20313
3.2749,0.472775,-0.542578,-3.2051
3.27187,0.457294,-0.526919,-3.20224
3.26434,0.429068,-0.498512,-3.19489
3.2527,0.386649,-0.455911,-3.18344
3.23679,0.328321,-0.397404,-3.16771
3.21559,0.25072,-0.31963,-3.14668
3.18744,0.143519,-0.212258,-3.1187
3.15108,-0.0362297,-0.0323424,-3.08251
3.10958,-0.216558,0.148146,-3.04117
3.08189,0.0496099,-0.117884,-3.01362
3.10036,0.123233,-0.191394,-3.0322
3.1558,0.120507,-0.188539,-3.08776
3.2148,0.0997128,-0.167598,-3.14692
3.26408,0.081289,-0.149023,-3.19635
3.30197,0.0682512,-0.135834,-3.23439
3.32951,0.0590466,-0.126478,-3.26208
3.34806,0.0515571,-0.118839,-3.28078
3.35889,0.0441075,-0.11124,-3.29176
3.36315,0.0355868,-0.102571,-3.29616
3.3619,0.0253295,-0.0921669,-3.29507
3.35621,0.0129563,-0.0796473,-3.28952
3.34711,-0.00177897,-0.0647662,-3.28056
3.33562,-0.0191389,-0.0472613,-3.26922
3.32273,-0.0395684,-0.0266874,-3.25648
3.30936,-0.0639147,-0.00219768,-3.24325
3.29629,-0.0937645,0.0277949,-3.23032
3.28408,-0.132006,0.0661785,-3.21825
3.27302,-0.183422,0.117735,-3.20734
3.26312,-0.249878,0.184331,-3.19758
3.25411,-0.274755,0.209346,-3.18871
3.2456,-0.170679,0.105407,-3.18033
3.23732,-0.0460995,-0.0190352,-3.17218
3.22963,0.0603253,-0.125324,-3.16463
3.22421,0.150008,-0.21487,-3.15935
3.22458,0.223013,-0.287735,-3.15986
3.2348,0.276884,-0.341464,-3.17022
3.25591,0.311013,-0.375452,-3.19147
3.28387,0.329195,-0.393494,-3.21957
3.31244,0.337088,-0.401251,-3.24827
3.33671,0.338926,-0.402956,-3.27268
3.354,0.336767,-0.400666,-3.2901
3.36339,0.331116,-0.394885,-3.29962
3.36513,0.321591,-0.385231,-3.30149
3.36023,0.307341,-0.370854,-3.29672
3.35027,0.28729,-0.350676,-3.28689
3.33707,0.260335,-0.323595,-3.27381
3.32246,0.225568,-0.288702,-3.25932
3.30794,0.182539,-0.245547,-3.24493
3.29451,0.131505,-0.194388,-3.23162
3.28261,0.0736433,-0.136401,-3.21986
3.27229,0.0113201,-0.0739517,-3.20966
3.26334,-0.0514935,-0.0110126,-3.20083
3.25547,-0.109029,0.046648,-3.19309
3.24841,-0.155053,0.0927975,-3.18616
3.24193,-0.186251,0.12412,-3.1798
3.23583,-0.204167,0.14216,-3.17383
3.22994,-0.212977,0.151093,-3.16806
3.2241,-0.216518,0.154758,-3.16234
3.21814,-0.217335,0.155698,-3.1565
3.2119,-0.216903,0.155388,-3.15039
3.20519,-0.216,0.154607,-3.14379
3.19776,-0.215005,0.153733,-3.13649
3.18932,-0.214136,0.152985,-3.12817
3.17945,-0.213681,0.152651,-3.11842
3.16759,-0.214201,0.15329,-3.10668
3.15294,-0.216701,0.15591,-3.09215
3.1343,-0.222648,0.161975,-3.07362
3.10988,-0.233109,0.172555,-3.04933
3.07711,-0.242455,0.182019,-3.01667
3.03322,-0.213656,0.153337,-2.9729
2.98378,-0.110995,0.0507933,-2.92358
2.97751,-0.029137,-0.030944,-2.91743
3.04849,-0.0357424,-0.0242185,-2.98853
3.13255,-0.0697509,0.00990616,-3.0727
3.20322,-0.101702,0.0419719,-3.14349
3.25986,-0.126778,0.0671631,-3.20025
3.30438,-0.140345,0.0808441,-3.24488
3.33803,-0.131965,0.0725781,-3.27865
3.36147,-0.0909923,0.031719,-3.30219
3.37508,-0.0231259,-0.0360345,-3.31592
3.37931,0.0546198,-0.113668,-3.32027
3.37493,0.129807,-0.188743,-3.316
3.36323,0.195729,-0.254554,-3.3044
3.34614,0.247845,-0.30656,-3.28743
3.32606,0.281899,-0.340506,-3.26745
3.305,0.293515,-0.352015,-3.2465
3.28327,0.277967,-0.336361,-3.22488
3.25869,0.226899,-0.285187,-3.20041
3.22706,0.110823,-0.169005,-3.16887
3.18356,0.0207511,-0.0788293,-3.12548
3.1261,0.25107,-0.309044,-3.06813
3.07133,0.374274,-0.432136,-3.01347
3.07348,0.394355,-0.452093,-3.01574
3.12197,0.34109,-0.398715,-3.06434
3.16764,0.270805,-0.328324,-3.11012
3.20054,0.196961,-0.254375,-3.14313
3.22269,0.120203,-0.177512,-3.16538
3.2367,0.0416509,-0.0988543,-3.1795
3.24444,-0.0332888,-0.0238096,-3.18734
3.24718,-0.0937435,0.0367499,-3.19018
3.24579,-0.129908,0.0730188,-3.1889
3.24098,-0.142766,0.0859811,-3.18419
3.23335,-0.140385,0.0837044,-3.17667
3.22346,-0.130508,0.0739306,-3.16688
3.21185,-0.118949,0.0624749,-3.15538
3.19907,-0.109509,0.0531379,-3.1427
3.1856,-0.10416,0.0478915,-3.12933
3.17192,-0.103554,0.0473872,-3.11575
3.1584,-0.107496,0.0514311,-3.10233
3.14537,-0.115233,0.0592689,-3.0894
3.13305,-0.125602,0.0697391,-3.07719
3.12162,-0.137167,0.0814048,-3.06586
3.11114,-0.148419,0.0927568,-3.05548
3.10167,-0.158069,0.102506,-3.0461
3.09316,-0.165333,0.10987,-3.0377
3.08559,-0.170061,0.114697,-3.03022
3.07883,-0.172687,0.117422,-3.02356
3.07274,-0.174139,0.118973,-3.01757
3.06709,-0.175826,0.120757,-3.01202
3.06158,-0.179602,0.124632,-3.00661
3.0558,-0.187309,0.132435,-3.00092
3.04923,-0.197946,0.143169,-2.99445
3.0413,-0.196156,0.141476,-2.98662
3.03155,-0.146788,0.0922035,-2.97697
3.02017,-0.0566964,0.0022082,-2.96568
3.0093,0.0370806,-0.0914732,-2.9549
3.00523,0.116522,-0.170819,-2.95094
3.0173,0.171631,-0.225832,-2.9631
3.04785,0.201116,-0.255221,-2.99375
3.08789,0.214774,-0.268784,-3.03388
3.12748,0.222758,-0.276674,-3.07356
3.16138,0.229975,-0.283798,-3.10756
3.18766,0.237652,-0.291381,-3.13393
3.20585,0.245285,-0.298922,-3.15221
3.21618,0.251575,-0.305119,-3.16264
3.21935,0.25474,-0.308192,-3.1659
3.21646,0.252534,-0.305894,-3.1631
3.20895,0.24206,-0.295329,-3.15568
3.19842,0.219273,-0.272451,-3.14524
3.18627,0.177463,-0.23055,-3.13319
3.17343,0.100952,-0.153949,-3.12043
3.16034,-0.0741383,0.0212317,-3.10743
3.14786,-0.0134813,-0.0393353,-3.09505
3.13913,0.146633,-0.199361,-3.0864
3.14081,0.223985,-0.276623,-3.08817
3.15853,0.261171,-0.31372,-3.10599
3.18865,0.274519,-0.32698,-3.13619
3.22163,0.277473,-0.329845,-3.16926
3.25039,0.277602,-0.329886,-3.19811
3.27181,0.277224,-0.32942,-3.21962
3.28506,0.276088,-0.328196,-3.23295
3.29047,0.27304,-0.325061,-3.23845
3.28909,0.266703,-0.318636,-3.23716
3.28239,0.255688,-0.307535,-3.23055
3.27215,0.238681,-0.290441,-3.22039
3.26016,0.214562,-0.266235,-3.20848
3.248,0.182614,-0.234201,-3.19641
3.23676,0.142779,-0.19428,-3.18526
3.22692,0.095877,-0.147293,-3.17551
3.21851,0.0438416,-0.0951721,-3.16718
3.21128,-0.00988403,-0.0413616,-3.16003
3.2049,-0.0599897,0.0088287,-3.15374
3.19911,-0.100311,0.0492338,-3.14804
3.1937,-0.127294,0.0763017,-3.14271
3.18852,-0.142378,0.0914686,-3.13761
3.18348,-0.149631,0.098806,-3.13266
3.17852,-0.152572,0.101829,-3.12778
3.17359,-0.153335,0.102676,-3.12293
3.16866,-0.153086,0.10251,-3.11809
3.16372,-0.152488,0.101994,-3.11322
3.15874,-0.152034,0.101622,-3.10833
3.15372,-0.152308,0.101977,-3.10339
3.14862,-0.154159,0.10391,-3.09838
3.14344,-0.158604,0.108436,-3.09327
3.13812,-0.165505,0.115418,-3.08804
3.13263,-0.167775,0.11777,-3.08263
3.12695,-0.142196,0.0922713,-3.07702
3.12115,-0.0767641,0.0269191,-3.07131
3.11563,0.0035421,-0.053307,-3.06587
3.11137,0.0799528,-0.129638,-3.06169
3.11034,0.146583,-0.196189,-3.06074
3.11526,0.200788,-0.250315,-3.06573
3.12804,0.241226,-0.290673,-3.07859
3.14773,0.26914,-0.318509,-3.09836
3.17072,0.288052,-0.337342,-3.12143
3.19295,0.301546,-0.350758,-3.14373
3.2115,0.3118,-0.360934,-3.16237
3.22487,0.319506,-0.368562,-3.17581
3.23265,0.324306,-0.373285,-3.18367
3.23533,0.325188,-0.37409,-3.18642
3.23405,0.320759,-0.369584,-3.18522
3.2304,0.309501,-0.358249,-3.18165
3.22599,0.290091,-0.338763,-3.17732
3.22202,0.261755,-0.31035,-3.17342
3.21898,0.22445,-0.272968,-3.17046
3.21672,0.178755,-0.227198,-3.16827
3.21469,0.125605,-0.173972,-3.16633
3.21226,0.0661875,-0.11448,-3.16397
3.20878,0.00238663,-0.0506037,-3.16057
3.20366,-0.0616763,0.0135341,-3.15552
3.19627,-0.116725,0.0686576,-3.1482
3.18592,-0.148811,0.100818,-3.13793
3.17179,-0.150964,0.103045,-3.12387
3.15297,-0.127275,0.0794303,-3.10512
3.12883,-0.0827118,0.0349405,-3.08106
3.10088,-0.0237212,-0.0239766,-3.05318
3.07869,0.0343609,-0.0819854,-3.03106
3.08305,0.066261,-0.113812,-3.0355
3.11695,0.0667713,-0.11425,-3.06947
3.15934,0.056258,-0.103664,-3.11193
3.19786,0.0470593,-0.094393,-3.15052
3.22986,0.0418448,-0.0891062,-3.1826
3.25556,0.0400772,-0.0872667,-3.20837
3.27568,0.0401828,-0.0873007,-3.22856
3.29091,0.0399368,-0.0869831,-3.24386
3.30184,0.0362947,-0.0832698,-3.25486
3.30899,0.0246679,-0.0715719,-3.26209
3.31288,-0.00332271,-0.0435104,-3.26605
3.31403,-0.0668752,0.0201127,-3.26727
3.31302,-0.133588,0.086896,-3.26633
3.3105,0.0191205,-0.0657424,-3.26388
3.30724,0.131384,-0.177935,-3.26069
3.30405,0.209563,-0.256045,-3.25756
3.30165,0.267752,-0.314164,-3.25524
3.3004,0.311414,-0.357757,-3.25406
3.29996,0.343322,-0.389596,-3.25368
3.29918,0.365403,-0.411609,-3.25298
3.2965,0.379074,-0.42521,-3.25037
3.29041,0.385038,-0.431106,-3.24434
3.27976,0.383104,-0.429103,-3.23376
3.26376,0.372095,-0.418026,-3.21783
3.24169,0.349395,-0.395258,-3.19583
3.21302,0.308008,-0.353803,-3.16722
3.18104,0.219516,-0.265244,-3.13532
3.1661,-0.0675113,0.0218507,-3.12043
3.19415,0.175967,-0.221561,-3.14856
3.24258,0.199768,-0.245294,-3.19705
3.28635,0.189489,-0.234949,-3.24089
3.32008,0.174601,-0.219994,-3.27469
3.34408,0.162313,-0.207639,-3.29875
3.35946,0.153732,-0.198992,-3.31419
3.3673,0.147735,-0.19293,-3.3221
3.36867,0.142527,-0.187656,-3.32354
3.36465,0.13636,-0.181423,-3.31958
3.35639,0.127772,-0.17277,-3.31139
3.34511,0.115601,-0.160534,-3.30018
3.33203,0.098961,-0.143829,-3.28716
3.3183,0.077274,-0.122077,-3.2735
3.30491,0.0504224,-0.0951606,-3.26017
3.29256,0.0190339,-0.0637076,-3.24789
3.28165,-0.0151035,-0.029506,-3.23704
3.27226,-0.0486877,0.00414235,-3.22772
3.2643,-0.077354,0.0328726,-3.21982
3.25753,-0.0977579,0.0533402,-3.21311
3.2517,-0.10973,0.0653759,-3.20734
3.24653,-0.115587,0.0712961,-3.20224
3.24178,-0.117888,0.0736608,-3.19756
3.23724,-0.118433,0.0742679,-3.19307
3.23269,-0.118388,0.0742862,-3.18859
3.22793,-0.11857,0.0745307,-3.18389
3.22276,-0.11953,0.0755534,-3.17879
3.21696,-0.121506,0.0775912,-3.17305
3.21025,-0.124263,0.0804104,-3.16639
3.20228,-0.126773,0.0829826,-3.15849
3.19264,-0.126581,0.0828524,-3.14891
3.18083,-0.118998,0.0753313,-3.13716
3.16634,-0.0976916,0.0540861,-3.12274
3.14912,-0.0591742,0.0156298,-3.10558
3.13079,-0.00775563,-0.0357276,-3.08731
3.11774,0.0444737,-0.0878961,-3.07432
3.12176,0.0811212,-0.124483,-3.0784
3.14679,0.0953535,-0.138655,-3.10349
3.182,0.0958997,-0.13914,-3.13876
3.21729,0.0908355,-0.134016,-3.17411
3.2488,0.081531,-0.124651,-3.20568
3.27572,0.0649764,-0.108037,-3.23266
3.29823,0.0338106,-0.0768114,-3.25523
3.31675,-0.0293394,-0.0136019,-3.27381
3.33176,-0.101651,0.0587688,-3.28888
3.34375,0.0311477,-0.0739703,-3.30093
3.35315,0.128899,-0.171663,-3.31038
3.36017,0.194562,-0.237267,-3.31746
3.36464,0.241972,-0.284617,-3.32199
3.36582,0.276962,-0.31955,-3.32324
3.36232,0.3028,-0.345329,-3.31979
3.35207,0.321767,-0.364237,-3.3096
3.33224,0.335578,-0.377991,-3.28983
3.29861,0.345509,-0.387863,-3.25626
3.24339,0.35218,-0.394477,-3.2011
3.15473,0.344187,-0.386426,-3.11249
3.14347,0.0515366,-0.0937183,-3.10128
3.23229,0.246407,-0.288531,-3.19016
3.28893,0.257608,-0.299676,-3.24686
3.32394,0.246686,-0.288697,-3.28193
3.34531,0.228733,-0.270687,-3.30336
3.35659,0.208373,-0.25027,-3.31469
3.35955,0.187906,-0.229746,-3.31771
3.35532,0.168433,-0.210217,-3.31354
3.34482,0.15014,-0.191868,-3.3031
3.32895,0.132548,-0.17422,-3.28728
3.30869,0.114801,-0.156417,-3.26707
3.28507,0.0959264,-0.137486,-3.24351
3.25923,0.0750223,-0.116526,-3.21772
3.23237,0.0514287,-0.0928773,-3.19092
3.2057,0.0249684,-0.0663616,-3.1643
3.18031,-0.00365628,-0.0376818,-3.13897
3.1571,-0.0324118,-0.00887127,-3.11582
3.13662,-0.0580012,0.0167731,-3.09539
3.11908,-0.0773023,0.0361289,-3.07791
3.10443,-0.0894461,0.0483274,-3.06331
3.09239,-0.0959582,0.0548939,-3.05133
3.08264,-0.0990064,0.0579964,-3.04163
3.07478,-0.100191,0.0592353,-3.03382
3.06841,-0.100431,0.0595289,-3.02751
3.06317,-0.100205,0.0593569,-3.02232
3.05874,-0.0997584,0.0589643,-3.01795
3.05486,-0.0992377,0.0584971,-3.01412
3.0513,-0.098794,0.0581069,-3.01061
3.04788,-0.0986779,0.0580441,-3.00724
3.04441,-0.0993051,0.0587245,-3.00383
3.04071,-0.101203,0.0606756,-3.00018
3.03656,-0.104489,0.0640146,-2.99609
3.03172,-0.106706,0.0662839,-2.9913
3.02603,-0.0974886,0.0571193,-2.98566
3.01966,-0.0616213,0.0213045,-2.97934
3.01387,-0.00473641,-0.035528,-2.97361
3.01221,0.053107,-0.0933192,-2.972
3.02055,0.0984371,-0.138597,-2.98039
3.04217,0.126587,-0.166695,-3.00206
3.07298,0.141926,-0.181982,-3.03292
3.10602,0.151782,-0.191786,-3.06601
3.13668,0.160848,-0.200801,-3.09673
3.16282,0.170962,-0.210863,-3.12292
3.18353,0.18236,-0.222211,-3.14367
3.19847,0.194519,-0.234318,-3.15867
3.20764,0.206565,-0.246313,-3.16789
3.2113,0.217462,-0.257159,-3.1716
3.21003,0.22606,-0.265706,-3.17038
3.2048,0.231057,-0.270653,-3.1652
3.19694,0.230949,-0.270494,-3.1574
3.18802,0.224059,-0.263554,-3.14852
3.17943,0.208726,-0.248171,-3.13998
3.17197,0.183485,-0.22288,-3.13257
3.16551,0.146728,-0.186073,-3.12617
3.15918,0.094891,-0.134186,-3.11989
3.15175,0.016353,-0.055598,-3.1125
3.14212,-0.0954035,0.0562081,-3.10293
3.13015,0.00738006,-0.046526,-3.09101
3.11851,0.0959815,-0.135078,-3.07941
3.1157,0.149183,-0.18823,-3.07665
3.13122,0.173309,-0.212307,-3.09222
3.16084,0.177573,-0.216522,-3.12189
3.19288,0.174909,-0.213809,-3.15398
3.22089,0.171679,-0.210531,-3.18204
3.24297,0.16933,-0.208133,-3.20416
3.25888,0.167625,-0.206379,-3.22013
3.26892,0.165961,-0.204667,-3.23022
3.27358,0.163725,-0.202383,-3.23492
3.27346,0.160352,-0.198961,-3.23485
3.26929,0.155288,-0.19385,-3.23073
3.26192,0.147944,-0.186457,-3.22341
3.25234,0.137641,-0.176107,-3.21387
3.24156,0.123595,-0.162014,-3.20315
3.23062,0.104925,-0.143296,-3.19225
3.22036,0.0806855,-0.119009,-3.18204
3.21133,0.0498595,-0.0881355,-3.17305
3.20368,0.0112625,-0.0494913,-3.16545
3.19717,-0.0359449,-0.00223683,-3.15899
3.19132,-0.083524,0.0453893,-3.15319
3.18549,-0.0833212,0.0452332,-3.1474
3.17907,-0.0298952,-0.00814593,-3.14103
3.17173,0.0282851,-0.0662797,-3.13373
3.16387,0.0817095,-0.119658,-3.12592
3.15756,0.129162,-0.167064,-3.11966
3.15724,0.166852,-0.204707,-3.11939
3.16735,0.190343,-0.228153,-3.12955
3.18705,0.200229,-0.237992,-3.14929
3.21069,0.201833,-0.23955,-3.17298
3.23322,0.199919,-0.23759,-3.19555
3.25202,0.196864,-0.23449,-3.21439
3.2661,0.193496,-0.231076,-3.22852
3.27527,0.189939,-0.227473,-3.23774
3.27971,0.186018,-0.223507,-3.24222
3.27985,0.181413,-0.218857,-3.24241
3.27632,0.175697,-0.213095,-3.23892
3.26989,0.168335,-0.205688,-3.23254
3.2615,0.15868,-0.195989,-3.22419
3.25214,0.145994,-0.183258,-3.21488
3.24278,0.129511,-0.16673,-3.20556
3.23419,0.108535,-0.14571,-3.19702
3.22681,0.0825169,-0.119647,-3.18968
3.22066,0.0509901,-0.0880757,-3.18357
3.21538,0.0133301,-0.0503714,-3.17834
3.21037,-0.0310863,-0.00591077,-3.17337
3.20485,-0.0758996,0.0389466,-3.16789
3.19805,-0.0765973,0.0396883,-3.16114
3.18936,-0.0202486,-0.0166165,-3.15249
3.17885,0.0425565,-0.0793778,-3.14203
3.1687,0.0986354,-0.135413,-3.13192
3.16535,0.142377,-0.179111,-3.12861
3.17672,0.166803,-0.203494,-3.14003
3.20134,0.173805,-0.210452,-3.16469
3.22995,0.172718,-0.209322,-3.19335
3.25612,0.169937,-0.206497,-3.21956
3.27745,0.167751,-0.204269,-3.24093
3.29336,0.166582,-0.203057,-3.25688
3.30394,0.166188,-0.202619,-3.26751
3.30951,0.166067,-0.202456,-3.27312
3.31056,0.165562,-0.201909,-3.27422
3.30773,0.163852,-0.200156,-3.27143
3.3018,0.159902,-0.196163,-3.26554
3.29371,0.15238,-0.188599,-3.25749
3.28447,0.139509,-0.175685,-3.24829
3.27501,0.118737,-0.154872,-3.23888
3.26605,0.0857029,-0.121795,-3.22995
3.25785,0.0304362,-0.0664869,-3.2218
3.25028,-0.0661171,0.0301083,-3.21427
3.24302,-0.00555741,-0.0304096,-3.20705
3.23608,0.0863156,-0.122241,-3.20015
3.23066,0.146268,-0.182152,-3.19478
3.22989,0.188904,-0.224746,-3.19405
3.23755,0.216575,-0.252376,-3.20175
3.25389,0.231023,-0.266782,-3.21813
3.27451,0.236923,-0.272641,-3.2388
3.2945,0.238769,-0.274447,-3.25883
3.31094,0.238853,-0.274489,-3.27531
3.32263,0.237794,-0.27339,-3.28703
3.32932,0.23541,-0.270965,-3.29377
3.33133,0.231196,-0.266709,-3.29581
3.3293,0.224522,-0.259995,-3.29383
3.32412,0.214713,-0.250146,-3.28868
3.3168,0.201106,-0.236498,-3.2814
3.30837,0.183121,-0.218473,-3.27301
3.29972,0.160383,-0.195694,-3.26441
3.2915,0.132841,-0.168112,-3.25623
3.28405,0.100907,-0.136138,-3.24882
3.27746,0.0656427,-0.100834,-3.24227
3.27166,0.0291054,-0.0642568,-3.23651
3.2665,-0.00524136,-0.0298703,-3.23139
3.26186,-0.0330129,-0.00205898,-3.22679
3.2576,-0.0514272,0.016395,-3.22257
3.25363,-0.0614478,0.0264551,-3.21864
3.24988,-0.0661268,0.0311735,-3.21493
3.24629,-0.0680234,0.0331095,-3.21138
3.24282,-0.06858,0.0337054,-3.20794
3.23941,-0.068514,0.0336785,-3.20458
3.23603,-0.0681877,0.0333914,-3.20123
3.23262,-0.067803,0.0330456,-3.19786
3.2291,-0.0675081,0.0327896,-3.19438
3.22535,-0.0674792,0.0327996,-3.19067
3.22122,-0.0679819,0.033341,-3.18658
3.21648,-0.0693536,0.0347514,-3.18188
3.21083,-0.0716672,0.0371036,-3.17626
3.20386,-0.0731998,0.0386746,-3.16933
3.19514,-0.0660024,0.0315157,-3.16065
3.18442,-0.0356071,0.00115871,-3.14997
3.17248,0.0167621,-0.0511723,-3.13807
3.16341,0.0720883,-0.10646,-3.12904
3.16653,0.112992,-0.147326,-3.1322
3.18739,0.132063,-0.166359,-3.15309
3.21802,0.137037,-0.171295,-3.18376
3.24889,0.137276,-0.171496,-3.21467
3.27582,0.136298,-0.17048,-3.24164
3.29765,0.133988,-0.168133,-3.26351
3.31413,0.128343,-0.16245,-3.28003
3.32535,0.115417,-0.149487,-3.29128
3.33153,0.0870757,-0.121108,-3.2975
3.3332,0.0230044,-0.0569996,-3.2992
3.33119,0.0137785,-0.0477364,-3.29723
3.32687,0.122812,-0.156733,-3.29295
3.32213,0.185112,-0.218996,-3.28825
3.31895,0.220431,-0.254278,-3.2851
3.3183,0.236842,-0.270652,-3.28449
3.31915,0.239297,-0.27307,-3.28538
3.31888,0.232425,-0.266161,-3.28514
3.31447,0.219964,-0.253663,-3.28077
3.30327,0.203795,-0.237458,-3.26961
3.28277,0.183238,-0.216865,-3.24914
3.24954,0.153457,-0.187047,-3.21595
3.19653,0.100084,-0.133637,-3.16298
3.1127,0.16208,-0.195597,-3.07918
3.12496,0.209975,-0.243456,-3.09148
3.19359,0.158334,-0.191779,-3.16014
3.2338,0.114131,-0.14754,-3.20039
3.25889,0.074559,-0.107932,-3.22552
3.27532,0.0407694,-0.0741066,-3.24198
3.28605,0.0162452,-0.0495465,-3.25275
3.29265,0.00266812,-0.0359337,-3.25938
3.29606,-0.00175702,-0.031473,-3.26283
3.29692,-0.000543058,-0.0326513,-3.26372
3.29573,0.00296863,-0.0361275,-3.26257
3.2929,0.00633075,-0.0394542,-3.25977
3.2888,0.00805467,-0.0411428,-3.25571
3.28376,0.00740734,-0.0404602,-3.25071
3.27808,0.00417692,-0.0371946,-3.24506
3.27203,-0.00148166,-0.0315009,-3.23904
3.26582,-0.00911462,-0.0238328,-3.23287
3.25965,-0.0179943,-0.0149182,-3.22673
3.25366,-0.0271711,-0.00570644,-3.22078
3.24797,-0.0356291,0.00278638,-3.21512
3.24264,-0.0425549,0.00974686,-3.20984
3.23774,-0.0475883,0.0148149,-3.20496
3.23326,-0.0508748,0.0181361,-3.20052
3.22917,-0.052926,0.0202218,-3.19647
3.22542,-0.0544719,0.0218022,-3.19275
3.22188,-0.0563733,0.023738,-3.18925
3.21838,-0.0593186,0.0267176,-3.18578
3.21467,-0.0623463,0.0297795,-3.1821
3.21046,-0.0582592,0.0257266,-3.17793
3.20544,-0.0325755,7.69942e-05,-3.17294
3.19943,0.0143076,-0.0467721,-3.16696
3.19274,0.066922,-0.0993525,-3.16031
3.18704,0.115866,-0.148263,-3.15464
3.18624,0.155689,-0.188052,-3.15387
3.19488,0.18197,-0.214299,-3.16255
3.21279,0.195215,-0.227511,-3.18049
3.23464,0.200878,-0.23314,-3.20238
3.25545,0.203862,-0.23609,-3.22322
3.27264,0.20644,-0.238635,-3.24045
3.28526,0.20912,-0.241282,-3.2531
3.29313,0.211549,-0.243677,-3.261
3.29651,0.212938,-0.245033,-3.26441
3.29597,0.212217,-0.244279,-3.26391
3.29235,0.208044,-0.240072,-3.26033
3.28666,0.198743,-0.230739,-3.25466
3.27989,0.182135,-0.214097,-3.24793
3.27281,0.154896,-0.186825,-3.24088
3.26569,0.109874,-0.141771,-3.23379
3.25841,0.0219273,-0.0537911,-3.22655
3.25081,-0.00257095,-0.0292602,-3.21898
3.24362,0.106396,-0.138194,-3.21182
3.23972,0.161356,-0.193122,-3.20796
3.24402,0.192032,-0.223766,-3.21228
3.25848,0.205591,-0.237292,-3.22678
3.2787,0.209264,-0.240932,-3.24703
3.29892,0.209331,-0.240967,-3.26728
3.31584,0.20866,-0.240264,-3.28423
3.32825,0.207818,-0.23939,-3.29668
3.33594,0.206443,-0.237983,-3.3044
3.33919,0.20391,-0.235418,-3.30769
3.33856,0.199555,-0.231031,-3.30708
3.33478,0.192733,-0.224177,-3.30334
3.32873,0.182832,-0.214244,-3.29732
3.32132,0.169303,-0.200683,-3.28994
3.31339,0.151735,-0.183084,-3.28205
3.30562,0.129952,-0.161269,-3.2743
3.29843,0.104135,-0.13542,-3.26714
3.292,0.0749749,-0.106228,-3.26075
3.28633,0.0439294,-0.0751515,-3.25511
3.28132,0.0135889,-0.0447796,-3.25013
3.27684,-0.0123761,-0.0187833,-3.24568
3.27277,-0.0308305,-0.000297612,-3.24164
3.26899,-0.0415335,0.0104366,-3.2379
3.26545,-0.0467882,0.0157225,-3.23438
3.26207,-0.0490653,0.0180307,-3.23104
3.25883,-0.0498919,0.0188883,-3.22782
3.25568,-0.0500327,0.0190601,-3.22471
3.25261,-0.0498616,0.0189199,-3.22167
3.24958,-0.0495781,0.0186673,-3.21867
3.24653,-0.049313,0.018433,-3.21565
3.24341,-0.049193,0.0183437,-3.21256
3.24009,-0.0493889,0.0185703,-3.20927
3.23642,-0.050126,0.0193379,-3.20563
3.23217,-0.0515501,0.0207926,-3.20141
3.22702,-0.0530699,0.0223429,-3.19629
3.22059,-0.05115,0.0204534,-3.18989
3.21249,-0.0360717,0.00540548,-3.18183
3.20268,5.94645e-05,-0.0306954,-3.17204
3.19249,0.0482662,-0.0788718,-3.16189
3.18715,0.0929878,-0.123563,-3.15657
3.1953,0.121475,-0.15202,-3.16476
3.21788,0.131857,-0.162372,-3.18736
3.24588,0.132857,-0.163342,-3.21539
3.27242,0.130916,-0.161371,-3.24196
3.29499,0.127628,-0.158054,-3.26457
3.31297,0.121988,-0.152384,-3.28257
3.32628,0.111171,-0.141536,-3.29591
3.33505,0.089364,-0.1197,-3.30472
3.3396,0.0426557,-0.0729622,-3.30929
3.34043,-0.00298338,-0.0272935,-3.31015
3.3384,0.0957725,-0.12602,-3.30815
3.33473,0.160147,-0.190364,-3.30451
3.33087,0.199079,-0.229267,-3.30068
3.32797,0.221048,-0.251207,-3.29781
3.32602,0.229909,-0.260039,-3.29589
3.32358,0.228878,-0.258979,-3.29348
3.31826,0.22088,-0.250952,-3.28819
3.30747,0.207703,-0.237746,-3.27743
3.28847,0.188861,-0.218874,-3.25846
3.25743,0.158868,-0.188853,-3.22745
3.2067,0.100818,-0.130773,-3.17674
3.1336,0.204847,-0.234774,-3.10367
3.17321,0.212974,-0.242871,-3.14331
3.22857,0.169951,-0.199819,-3.1987
3.26122,0.132284,-0.162123,-3.23138
3.28183,0.0969865,-0.126798,-3.25202
3.29522,0.0649552,-0.0947377,-3.26544
3.30371,0.0394398,-0.0691937,-3.27395
3.30853,0.0231719,-0.0528973,-3.2788
3.31046,0.0159087,-0.0456056,-3.28076
3.31005,0.0149566,-0.0446251,-3.28038
3.30777,0.0171318,-0.0467719,-3.27813
3.30399,0.0198783,-0.0494901,-3.27438
3.2991,0.0215293,-0.0511129,-3.26952
3.29343,0.0211805,-0.0507359,-3.26387
3.28728,0.0184713,-0.0479985,-3.25775
3.28092,0.0134203,-0.0429194,-3.25142
3.27458,0.00634532,-0.0358164,-3.24511
3.26843,-0.00215987,-0.0272832,-3.23899
3.26258,-0.0112508,-0.0181643,-3.23317
3.25712,-0.0199357,-0.00945153,-3.22773
3.25208,-0.0273092,-0.00205023,-3.22273
3.24749,-0.0328391,0.00350746,-3.21816
3.24332,-0.0364999,0.00719594,-3.21402
3.23954,-0.0386472,0.00937094,-3.21027
3.23611,-0.0397896,0.0105409,-3.20686
3.23292,-0.0404637,0.0112426,-3.2037
3.22986,-0.0412309,0.0120374,-3.20067
3.22677,-0.042609,0.0134429,-3.1976
3.2234,-0.0445331,0.0153944,-3.19426
3.21947,-0.0444129,0.0153016,-3.19036
3.21466,-0.0337495,0.00466544,-3.18558
3.20868,-0.00379916,-0.0252576,-3.17963
3.20159,0.0394607,-0.0684903,-3.17256
3.19456,0.0846469,-0.113649,-3.16555
3.1912,0.123944,-0.15292,-3.16223
3.19714,0.150966,-0.179914,-3.1682
3.21377,0.164411,-0.193332,-3.18485
3.23567,0.169825,-0.19872,-3.20678
3.2572,0.172777,-0.201644,-3.22833
3.27559,0.175718,-0.204559,-3.24675
3.28991,0.179091,-0.207905,-3.2611
3.29996,0.182441,-0.211228,-3.27117
3.30588,0.184891,-0.213652,-3.27712
3.30801,0.185269,-0.214003,-3.27927
3.30687,0.182016,-0.210723,-3.27816
3.30311,0.172857,-0.201538,-3.27443
3.2975,0.153823,-0.182477,-3.26885
3.29076,0.115469,-0.144096,-3.26213
3.28358,0.01838,-0.0469811,-3.25498
3.27687,0.0673156,-0.0958903,-3.2483
3.27238,0.153022,-0.181571,-3.24383
3.27302,0.19479,-0.223312,-3.2445
3.28095,0.215491,-0.243987,-3.25245
3.29448,0.223595,-0.252065,-3.26601
3.30933,0.225655,-0.254099,-3.28088
3.32198,0.225582,-0.253999,-3.29356
3.33069,0.224715,-0.253107,-3.3023
3.33496,0.222943,-0.251309,-3.30659
3.335,0.21954,-0.247879,-3.30666
3.33151,0.213569,-0.241883,-3.3032
3.32546,0.204049,-0.232337,-3.29717
3.31792,0.190055,-0.218317,-3.28966
3.30986,0.17085,-0.199087,-3.28162
3.30194,0.146035,-0.174245,-3.27373
3.29443,0.115654,-0.143839,-3.26625
3.28726,0.0803685,-0.108528,-3.2591
3.28019,0.0420854,-0.0702193,-3.25206
3.27297,0.00561677,-0.0337252,-3.24486
3.26539,-0.0209062,-0.00717673,-3.2373
3.25729,-0.0335645,0.005507,-3.22923
3.2486,-0.037472,0.0094399,-3.22056
3.23926,-0.0381867,0.0101799,-3.21126
3.22928,-0.0379252,0.00994366,-3.2013
3.21867,-0.0372852,0.00932892,-3.19071
3.20746,-0.0364606,0.0085295,-3.17953
3.19574,-0.0355541,0.00764813,-3.16783
3.18363,-0.0346339,0.00675303,-3.15575
3.17133,-0.0338091,0.00595325,-3.14348
3.15914,-0.0333671,0.00553622,-3.13131
3.1475,-0.0339023,0.0060964,-3.11969
3.13698,-0.0360949,0.00831397,-3.1092
3.12832,-0.038736,0.0109799,-3.10056
3.12226,-0.0321259,0.00439458,-3.09452
3.11935,-0.00165913,-0.0260474,-3.09165
3.1198,0.043439,-0.0711207,-3.09211
3.1234,0.0884666,-0.116124,-3.09574
3.12977,0.129365,-0.156997,-3.10214
3.13854,0.165744,-0.193351,-3.11093
3.14941,0.197474,-0.225057,-3.12183
3.16206,0.224235,-0.251794,-3.1345
3.17596,0.245758,-0.273292,-3.14842
3.1903,0.262004,-0.289514,-3.16279
3.2042,0.273127,-0.300612,-3.17671
3.21685,0.279309,-0.30677,-3.18939
3.22776,0.280647,-0.308084,-3.20032
3.23673,0.277137,-0.304549,-3.20932
3.24383,0.268736,-0.296124,-3.21644
3.24925,0.25544,-0.282804,-3.22189
3.25324,0.237334,-0.264674,-3.2259
3.25597,0.214587,-0.241903,-3.22866
3.25757,0.187409,-0.214701,-3.23028
3.25807,0.156001,-0.183269,-3.2308
3.2575,0.120558,-0.147802,-3.23025
3.25581,0.0814835,-0.108703,-3.22859
3.25297,0.0402284,-0.0674245,-3.22577
3.24886,0.00162275,-0.028795,-3.22168
3.24335,-0.0247004,-0.00244805,-3.2162
3.23624,-0.0343762,0.00725151,-3.20911
3.22725,-0.0346814,0.00758036,-3.20015
3.216,-0.0318681,0.00479079,-3.18892
3.20196,-0.0271971,0.000143351,-3.17491
3.1845,-0.0193068,-0.00772337,-3.15747
3.16326,-0.00555724,-0.0214493,-3.13625
3.14027,0.0151992,-0.0421823,-3.11329
3.12639,0.0339717,-0.0609313,-3.09943
3.13567,0.0353259,-0.0622621,-3.10874
3.15812,0.026055,-0.0529678,-3.13121
3.18017,0.0168275,-0.043717,-3.15328
3.19841,0.0087418,-0.035608,-3.17155
3.21297,-0.000687151,-0.0261558,-3.18613
3.2245,-0.0147777,-0.012042,-3.19768
3.23362,-0.0317715,0.00497498,-3.20682
3.24082,-0.017471,-0.00930237,-3.21404
3.24655,0.0351755,-0.0619257,-3.2198
3.25119,0.0852315,-0.111959,-3.22446
3.25508,0.126008,-0.152713,-3.22837
3.25843,0.158956,-0.185637,-3.23175
3.26127,0.185432,-0.212091,-3.23461
3.26335,0.206445,-0.23308,-3.23671
3.26416,0.222879,-0.249491,-3.23754
3.26304,0.235554,-0.262144,-3.23645
3.25939,0.245114,-0.271681,-3.23282
3.25288,0.251824,-0.278368,-3.22633
3.24366,0.255302,-0.281823,-3.21714
3.23254,0.25424,-0.280739,-3.20604
3.22078,0.246169,-0.272645,-3.1943
3.20961,0.227047,-0.2535,-3.18315
3.19955,0.188277,-0.214708,-3.17312
3.19065,0.0884883,-0.114897,-3.16424
3.18386,0.120427,-0.146813,-3.15747
3.18218,0.195756,-0.22212,-3.15581
3.18827,0.220754,-0.247095,-3.16193
3.20011,0.225129,-0.251448,-3.17379
3.21285,0.220368,-0.246664,-3.18655
3.22316,0.212251,-0.238525,-3.19688
3.22975,0.203016,-0.229268,-3.2035
3.23254,0.193117,-0.219347,-3.20631
3.23195,0.182224,-0.208431,-3.20574
3.22869,0.169698,-0.195884,-3.20251
3.22358,0.154818,-0.180982,-3.19741
3.21741,0.136916,-0.163057,-3.19127
3.21091,0.115495,-0.141614,-3.18479
3.2046,0.0904005,-0.116498,-3.17851
3.1988,0.0621303,-0.0882056,-3.17273
3.19363,0.0324986,-0.058552,-3.16758
3.18908,0.00551704,-0.0315486,-3.16305
3.18507,-0.0136429,-0.0123668,-3.15906
3.1815,-0.0234567,-0.00253121,-3.15552
3.17827,-0.0271978,0.00123166,-3.15231
3.17529,-0.0282804,0.00233602,-3.14935
3.17248,-0.0283458,0.00242311,-3.14656
3.16978,-0.0280372,0.0021362,-3.14388
3.16714,-0.0276685,0.00178908,-3.14126
3.16452,-0.0274115,0.0015537,-3.13867
3.16192,-0.0273158,0.00147954,-3.13609
3.15932,-0.0273311,0.00151634,-3.1335
3.15672,-0.0273572,0.00156385,-3.13092
3.15411,-0.0272951,0.00152324,-3.12833
3.15148,-0.0270821,0.00133165,-3.12573
3.14881,-0.026721,0.000991943,-3.12308
3.14603,-0.0263337,0.000625943,-3.12032
3.14305,-0.0262327,0.000546193,-3.11737
3.13972,-0.0268955,0.00123025,-3.11405
3.1358,-0.0284282,0.00278418,-3.11016
3.13102,-0.0281104,0.00248762,-3.1054
3.12513,-0.0151369,-0.0104647,-3.09953
3.11819,0.0198797,-0.0454602,-3.09261
3.1115,0.0650108,-0.0905702,-3.08594
3.10928,0.105361,-0.130899,-3.08374
3.11752,0.132175,-0.157693,-3.09201
3.13616,0.145396,-0.170893,-3.11067
3.15855,0.151808,-0.177283,-3.13307
3.17952,0.156424,-0.181879,-3.15407
3.19702,0.160852,-0.186286,-3.17158
3.21038,0.164947,-0.19036,-3.18497
3.2195,0.167785,-0.193177,-3.1941
3.22446,0.167911,-0.193282,-3.19909
3.22555,0.163122,-0.188472,-3.2002
3.22327,0.14953,-0.174859,-3.19794
3.21837,0.117851,-0.14316,-3.19306
3.21192,0.03079,-0.0560784,-3.18663
3.20556,0.0883301,-0.113598,-3.1803
3.20175,0.157464,-0.182711,-3.1765
3.20306,0.18778,-0.213007,-3.17783
3.20994,0.199042,-0.224248,-3.18473
3.21974,0.200228,-0.225414,-3.19456
3.22894,0.197503,-0.222668,-3.20377
3.23511,0.194094,-0.219239,-3.20996
3.23706,0.190875,-0.216,-3.21193
3.23441,0.187407,-0.212511,-3.20931
3.22725,0.182757,-0.207841,-3.20216
3.21587,0.17594,-0.201003,-3.19081
3.20061,0.166067,-0.19111,-3.17557
3.18159,0.152359,-0.177382,-3.15657
3.1584,0.134018,-0.159021,-3.1334
3.12962,0.10961,-0.134593,-3.10464
3.09241,0.0734982,-0.0984608,-3.06744
3.0492,0.00313288,-0.0280754,-3.02425
3.05121,0.0452106,-0.070133,-3.02628
3.08849,0.0414966,-0.0663991,-3.06359
3.11723,0.0284765,-0.053359,-3.09235
3.13746,0.0189712,-0.0438338,-3.11259
3.15205,0.0132734,-0.038116,-3.1272
3.16273,0.0100509,-0.0348736,-3.1379
3.17052,0.00804654,-0.0328494,-3.14572
3.17608,0.00643428,-0.0312173,-3.1513
3.17985,0.00480736,-0.0295706,-3.15509
3.18217,0.00305575,-0.0277992,-3.15742
3.18329,0.00121012,-0.0259339,-3.15856
3.18343,-0.000725347,-0.0239787,-3.15873
3.18278,-0.00293932,-0.021745,-3.1581
3.18151,-0.00596086,-0.0187039,-3.15684
3.17975,-0.0107099,-0.0139352,-3.15511
3.17765,-0.0179621,-0.00666341,-3.15303
3.17532,-0.0244571,-0.00014886,-3.15072
3.17288,-0.0126932,-0.0118933,-3.14829
3.1704,0.0253935,-0.0499605,-3.14584
3.16799,0.068839,-0.0933865,-3.14344
3.16574,0.108153,-0.132681,-3.14122
3.16381,0.142464,-0.166973,-3.1393
3.16241,0.172093,-0.196583,-3.13792
3.16188,0.197137,-0.221607,-3.13741
3.16257,0.217417,-0.241868,-3.13812
3.16462,0.232738,-0.257169,-3.14019
3.16779,0.243162,-0.267574,-3.14338
3.17143,0.249072,-0.273466,-3.14704
3.17475,0.250965,-0.275339,-3.15038
3.17718,0.249191,-0.273546,-3.15283
3.17849,0.243847,-0.268183,-3.15415
3.17877,0.234828,-0.259145,-3.15445
3.17832,0.221963,-0.246261,-3.15402
3.17744,0.205148,-0.229426,-3.15316
3.17634,0.184417,-0.208676,-3.15208
3.17513,0.15995,-0.184191,-3.15089
3.17382,0.132057,-0.156278,-3.14959
3.17237,0.101249,-0.125452,-3.14816
3.17075,0.0685815,-0.0927653,-3.14657
3.16897,0.0364615,-0.0606264,-3.1448
3.167,0.00944682,-0.0335929,-3.14285
3.16487,-0.00793752,-0.0161898,-3.14074
3.1626,-0.0161349,-0.00797362,-3.13849
3.16021,-0.0192075,-0.00488226,-3.13612
3.15773,-0.0201893,-0.00388182,-3.13366
3.15518,-0.0203887,-0.00366369,-3.13113
3.15258,-0.0202904,-0.00374336,-3.12855
3.14997,-0.0200925,-0.00392268,-3.12595
3.14736,-0.0199122,-0.00408435,-3.12336
3.14479,-0.0198887,-0.00408932,-3.12082
3.14231,-0.0202385,-0.00372093,-3.11835
3.13995,-0.0211275,-0.00281345,-3.11601
3.13779,-0.0217835,-0.00213902,-3.11387
3.1359,-0.0176703,-0.00623376,-3.112
3.13438,0.000509872,-0.0243955,-3.1105
3.13336,0.0334058,-0.057273,-3.10949
3.13295,0.0708398,-0.0946887,-3.1091
3.1333,0.106547,-0.130378,-3.10947
3.13452,0.138814,-0.162626,-3.11071
3.13669,0.16736,-0.191154,-3.1129
3.13982,0.192169,-0.215945,-3.11605
3.14385,0.213196,-0.236954,-3.12009
3.14861,0.230318,-0.254058,-3.12487
3.1539,0.243346,-0.267067,-3.13018
3.15946,0.252063,-0.275766,-3.13576
3.16505,0.256283,-0.279968,-3.14136
3.1704,0.255908,-0.279574,-3.14673
3.1753,0.25095,-0.274599,-3.15165
3.17959,0.241541,-0.265172,-3.15596
3.18316,0.227897,-0.251509,-3.15955
3.18595,0.210273,-0.233868,-3.16236
3.18795,0.188921,-0.212498,-3.16437
3.18917,0.164059,-0.187618,-3.16561
3.18962,0.135864,-0.159405,-3.16607
3.18931,0.104562,-0.128085,-3.16578
3.18823,0.0707455,-0.0942508,-3.16473
3.18638,0.0363519,-0.0598394,-3.16289
3.18369,0.00650537,-0.0299751,-3.16022
3.18009,-0.011806,-0.0116461,-3.15664
3.17547,-0.018419,-0.0050153,-3.15203
3.16966,-0.0194035,-0.0040131,-3.14625
3.16245,-0.0186934,-0.0047055,-3.13905
3.15354,-0.0173229,-0.00605833,-3.13016
3.14252,-0.0150701,-0.00829358,-3.11916
3.12886,-0.0110331,-0.012313,-3.10551
3.11196,-0.00351258,-0.0198159,-3.08863
3.09193,0.00977486,-0.0330858,-3.06862
3.07299,0.027737,-0.0510305,-3.0497
3.06907,0.0374908,-0.0607667,-3.04579
3.08475,0.0315472,-0.0548057,-3.06149
3.10539,0.0201354,-0.0433764,-3.08215
3.12352,0.00696324,-0.0301869,-3.10029
3.13828,-0.00900013,-0.0142061,-3.11507
3.15024,-0.0166562,-0.00653271,-3.12705
3.16007,0.0131501,-0.0363216,-3.1369
3.16836,0.0566178,-0.079772,-3.1452
3.17557,0.0939117,-0.117049,-3.15243
3.18203,0.123992,-0.147111,-3.15891
3.18785,0.147994,-0.171096,-3.16474
3.19287,0.166919,-0.190004,-3.16978
3.19667,0.18165,-0.204718,-3.1736
3.19864,0.19304,-0.216091,-3.17559
3.19813,0.201888,-0.224922,-3.17509
3.19456,0.208838,-0.231854,-3.17155
3.18765,0.214207,-0.237206,-3.16465
3.1775,0.217707,-0.240689,-3.15452
3.16485,0.217993,-0.240959,-3.14188
3.15115,0.211976,-0.234925,-3.1282
3.13832,0.193426,-0.216357,-3.11539
3.12784,0.145487,-0.168402,-3.10493
3.12018,0.0350078,-0.0579055,-3.09728
3.11559,0.170839,-0.19372,-3.09271
3.11499,0.209951,-0.232815,-3.09213
3.11886,0.224544,-0.247391,-3.09601
3.12556,0.226191,-0.249021,-3.10273
3.13239,0.220891,-0.243704,-3.10958
3.1374,0.212031,-0.234827,-3.11461
3.1398,0.201103,-0.223883,-3.11702
3.13962,0.18847,-0.211233,-3.11686
3.13728,0.17392,-0.196666,-3.11453
3.13341,0.156991,-0.179721,-3.11068
3.12862,0.137174,-0.159887,-3.10591
3.12346,0.114062,-0.136758,-3.10077
3.11831,0.0875485,-0.110229,-3.09563
3.11339,0.058278,-0.0809414,-3.09072
3.10878,0.0287646,-0.0514115,-3.08614
3.10452,0.0046305,-0.0272608,-3.08189
3.10056,-0.00893681,-0.013677,-3.07795
3.09689,-0.01388,-0.00871732,-3.07429
3.09345,-0.0151254,-0.00745548,-3.07087
3.09022,-0.0151812,-0.00738323,-3.06766
3.08718,-0.01482,-0.00772806,-3.06463
3.08428,-0.0143655,-0.00816613,-3.06175
3.08151,-0.0140362,-0.00847913,-3.05899
3.07885,-0.0139244,-0.00857456,-3.05635
3.07629,-0.0139882,-0.00849446,-3.0538
3.07382,-0.0141103,-0.00835601,-3.05135
3.07143,-0.0141734,-0.00827668,-3.04898
3.06913,-0.0141051,-0.00832877,-3.0467
3.06691,-0.0139004,-0.00851723,-3.04449
3.06474,-0.0136658,-0.00873559,-3.04234
3.06261,-0.0136902,-0.00869508,-3.04023
3.06046,-0.0143672,-0.00800192,-3.03809
3.05821,-0.0153249,-0.00702806,-3.03585
3.05578,-0.0121827,-0.0101542,-3.03344
3.0531,0.00569194,-0.0280127,-3.03077
3.05023,0.0393173,-0.061622,-3.02792
3.04762,0.076924,-0.0992127,-3.02533
3.04649,0.111267,-0.13354,-3.02421
3.0489,0.139124,-0.161381,-3.02665
3.05655,0.158908,-0.181149,-3.03431
3.06868,0.171528,-0.193753,-3.04645
3.08255,0.179704,-0.201912,-3.06035
3.09561,0.185779,-0.207972,-3.07341
3.10633,0.19088,-0.213058,-3.08415
3.11405,0.195205,-0.217366,-3.09189
3.11865,0.198417,-0.220562,-3.0965
3.12038,0.199873,-0.222003,-3.09825
3.11979,0.198724,-0.220838,-3.09767
3.11764,0.193978,-0.216076,-3.09554
3.11471,0.18458,-0.206663,-3.09263
3.11156,0.169458,-0.191524,-3.0895
3.10835,0.147264,-0.169315,-3.0863
3.10483,0.115119,-0.137155,-3.08279
3.10053,0.0633952,-0.0854148,-3.07851
3.0951,-0.00985017,-0.0121538,-3.0731
3.08877,0.0686014,-0.0905897,-3.06678
3.0834,0.111961,-0.133934,-3.06142
3.08337,0.135637,-0.157594,-3.06141
3.09227,0.145263,-0.167204,-3.07033
3.1074,0.146304,-0.16823,-3.08547
3.12352,0.144549,-0.16646,-3.10161
3.13769,0.142675,-0.16457,-3.11579
3.14892,0.141178,-0.163058,-3.12704
3.15705,0.139797,-0.161661,-3.13518
3.16221,0.13813,-0.159978,-3.14036
3.16465,0.135811,-0.157645,-3.14282
3.16469,0.132543,-0.154361,-3.14287
3.16269,0.128074,-0.149876,-3.14088
3.15907,0.122186,-0.143974,-3.13728
3.15428,0.114686,-0.136458,-3.13251
3.14879,0.105406,-0.127163,-3.12703
3.14304,0.0942403,-0.115982,-3.1213
3.13744,0.0811922,-0.102919,-3.11571
3.13227,0.0664652,-0.0881764,-3.11056
3.12774,0.0505737,-0.0722697,-3.10604
3.12389,0.0344448,-0.0561256,-3.10221
3.12069,0.0193868,-0.0410524,-3.09902
3.11798,0.00672699,-0.0283775,-3.09633
3.11556,-0.00279143,-0.018844,-3.09392
3.11317,-0.00916357,-0.0124568,-3.09154
3.11049,-0.0122498,-0.0093555,-3.08889
3.10719,-0.0102312,-0.0113591,-3.0856
3.1029,0.000717922,-0.0222931,-3.08133
3.0973,0.0223324,-0.0438926,-3.07574
3.09035,0.0509928,-0.072538,-3.06881
3.08316,0.0812415,-0.102772,-3.06163
3.07948,0.107097,-0.128612,-3.05797
3.08498,0.12222,-0.14372,-3.06348
3.09967,0.126492,-0.147977,-3.07818
3.11756,0.125956,-0.147426,-3.09609
3.1343,0.124981,-0.146437,-3.11284
3.14832,0.125009,-0.14645,-3.12688
3.1593,0.126119,-0.147546,-3.13787
3.16728,0.127877,-0.149288,-3.14587
3.17243,0.129613,-0.15101,-3.15103
3.17499,0.130483,-0.151865,-3.15361
3.17526,0.1294,-0.150767,-3.15389
3.1736,0.12481,-0.146163,-3.15224
3.17044,0.114056,-0.135394,-3.1491
3.16625,0.0911526,-0.112476,-3.14493
3.16153,0.0351082,-0.0564165,-3.14022
3.15679,0.0442314,-0.0655251,-3.13549
3.15274,0.117908,-0.139187,-3.13146
3.1505,0.156968,-0.178233,-3.12923
3.15149,0.180944,-0.202194,-3.13024
3.15641,0.194818,-0.216054,-3.13518
3.16412,0.201744,-0.222965,-3.1429
3.17231,0.204606,-0.225812,-3.1511
3.17896,0.205284,-0.226476,-3.15776
3.18297,0.204471,-0.225649,-3.16179
3.18403,0.202056,-0.223219,-3.16287
3.18236,0.197509,-0.218657,-3.16121
3.17847,0.190123,-0.211257,-3.15733
3.17302,0.17916,-0.20028,-3.1519
3.16659,0.163959,-0.185065,-3.14549
3.15948,0.143971,-0.165061,-3.13839
3.15167,0.118619,-0.139695,-3.13059
3.14282,0.0868881,-0.10795,-3.12175
3.1324,0.0467325,-0.0677804,-3.11135
3.11976,0.00114258,-0.0221762,-3.09873
3.10429,0.00286842,-0.0238878,-3.08328
3.08621,0.0366243,-0.0576294,-3.0652
3.06999,0.062201,-0.0831919,-3.049
3.06812,0.070259,-0.0912357,-3.04714
3.08231,0.0619786,-0.0829411,-3.06134
3.09975,0.0506984,-0.0716468,-3.07881
3.11467,0.0417527,-0.0626869,-3.09373
3.12642,0.0352604,-0.0561805,-3.1055
3.13544,0.0305395,-0.0514455,-3.11454
3.14226,0.0270716,-0.0479635,-3.12136
3.14726,0.0244844,-0.0453622,-3.12638
3.15077,0.0223576,-0.0432214,-3.1299
3.15304,0.0200136,-0.0408634,-3.13219
3.15428,0.016314,-0.0371498,-3.13344
3.15465,0.00950942,-0.0303312,-3.13383
3.15433,-0.00189451,-0.0189133,-3.13353
3.15346,-0.00833694,-0.0124569,-3.13267
3.15218,0.0207026,-0.0414824,-3.1314
3.15063,0.0638432,-0.0846091,-3.12986
3.14898,0.101402,-0.122154,-3.12823
3.14743,0.132757,-0.153495,-3.1267
3.14621,0.158993,-0.179717,-3.12549
3.14556,0.180705,-0.201416,-3.12485
3.14565,0.198121,-0.218818,-3.12496
3.14651,0.211362,-0.232045,-3.12583
3.14789,0.220613,-0.241282,-3.12722
