3.71716,4.56208,4.13453,3.67546,3.71716,4.56208,4.13453,3.67546,3.71716,3.63514,3.61177,3.67546,3.71716,3.63514,3.61177,3.67546,-3.67547,-3.61178,-3.63515,-3.71716,-3.67547,-3.61178,-3.63515,-3.71716,-3.67547,-4.13456,-4.56214,-3.71716,-3.67547,-4.13456,-4.56214,-3.71716
2.10869,2.31597,2.21527,2.08578,2.10869,2.31597,2.21527,2.08578,2.10869,1.9958,1.9934,2.08578,2.10869,1.9958,1.9934,2.08578,-2.08579,-1.99341,-1.99581,-2.10869,-2.08579,-1.99341,-1.99581,-2.10869,-2.08579,-2.21528,-2.316,-2.10869,-2.08579,-2.21528,-2.316,-2.10869
1.21589,1.24252,1.23914,1.21515,1.21589,1.24252,1.23914,1.21515,1.21589,1.20792,1.20761,1.21515,1.21589,1.20792,1.20761,1.21515,-1.21516,-1.20762,-1.20793,-1.21589,-1.21516,-1.20762,-1.20793,-1.21589,-1.21516,-1.23915,-1.24253,-1.21589,-1.21516,-1.23915,-1.24253,-1.21589
0.14818,1.58856,0.401098,0.136713,0.14818,1.58856,0.401098,0.136713,0.14818,1.41133,0.39588,0.136713,0.14818,1.41133,0.39588,0.136713,-0.136717,-0.395884,-1.41135,-0.148185,-0.136717,-0.395884,-1.41135,-0.148185,-0.136717,-0.401102,-1.5886,-0.148185,-0.136717,-0.401102,-1.5886,-0.148185
0.856101,1.5515,0.890032,0.77564,0.856101,1.5515,0.890032,0.77564,0.856101,1.55094,0.890002,0.77564,0.856101,1.55094,0.890002,0.77564,-0.775645,-0.890008,-1.55097,-0.856108,-0.775645,-0.890008,-1.55097,-0.856108,-0.775645,-0.890038,-1.55153,-0.856108,-0.775645,-0.890038,-1.55153,-0.856108
0.781491,1.25011,0.850239,0.742926,0.781491,1.25011,0.850239,0.742926,0.781491,1.12443,0.836305,0.742926,0.781491,1.12443,0.836305,0.742926,-0.74293,-0.836314,-1.12447,-0.781496,-0.74293,-0.836314,-1.12447,-0.781496,-0.74293,-0.850243,-1.25012,-0.781496,-0.74293,-0.850243,-1.25012,-0.781496
0.578312,1.02581,0.700496,0.570958,0.578312,1.02581,0.700496,0.570958,0.578312,0.812885,0.668321,0.570958,0.578312,0.812885,0.668321,0.570958,-0.570963,-0.668331,-0.81292,-0.578316,-0.570963,-0.668331,-0.81292,-0.578316,-0.570963,-0.7005,-1.02581,-0.578316,-0.570963,-0.7005,-1.02581,-0.578316
0.215685,1.28519,0.281661,0.183801,0.215685,1.28519,0.281661,0.183801,0.215685,1.27062,0.281592,0.183801,0.215685,1.27062,0.281592,0.183801,-0.183805,-0.281596,-1.27066,-0.215689,-0.183805,-0.281596,-1.27066,-0.215689,-0.183805,-0.281665,-1.28521,-0.215689,-0.183805,-0.281665,-1.28521,-0.215689
0.587703,1.41613,0.469354,0.434734,0.587703,1.41613,0.469354,0.434734,0.587703,1.20586,0.468106,0.434734,0.587703,1.20586,0.468106,0.434734,-0.434738,-0.468111,-1.20591,-0.587709,-0.434738,-0.468111,-1.20591,-0.587709,-0.434738,-0.469359,-1.41614,-0.587709,-0.434738,-0.469359,-1.41614,-0.587709
0.562026,1.33582,0.525234,0.479241,0.562026,1.33582,0.525234,0.479241,0.562026,0.810794,0.513686,0.479241,0.562026,0.810794,0.513686,0.479241,-0.479245,-0.513693,-0.810845,-0.562031,-0.479245,-0.513693,-0.810845,-0.562031,-0.479245,-0.525238,-1.33583,-0.562031,-0.479245,-0.525238,-1.33583,-0.562031
0.447038,1.19081,0.468955,0.409238,0.447038,1.19081,0.468955,0.409238,0.447038,0.659502,0.453055,0.409238,0.447038,0.659502,0.453055,0.409238,-0.409242,-0.453063,-0.659548,-0.447043,-0.409242,-0.453063,-0.659548,-0.447043,-0.409242,-0.468958,-1.19082,-0.447043,-0.409242,-0.468958,-1.19082,-0.447043
0.236399,1.27836,0.24427,0.193669,0.236399,1.27836,0.24427,0.193669,0.236399,1.02252,0.243963,0.193669,0.236399,1.02252,0.243963,0.193669,-0.193673,-0.243967,-1.02256,-0.236404,-0.193673,-0.243967,-1.02256,-0.236404,-0.193673,-0.244274,-1.27837,-0.236404,-0.193673,-0.244274,-1.27837,-0.236404
0.505478,1.43399,0.293081,0.283115,0.505478,1.43399,0.293081,0.283115,0.505478,0.980301,0.292662,0.283115,0.505478,0.980301,0.292662,0.283115,-0.283119,-0.292666,-0.980358,-0.505484,-0.283119,-0.292666,-0.980358,-0.505484,-0.283119,-0.293085,-1.43399,-0.505484,-0.283119,-0.293085,-1.43399,-0.505484
0.494394,1.40983,0.374171,0.357905,0.494394,1.40983,0.374171,0.357905,0.494394,0.654474,0.369085,0.357905,0.494394,0.654474,0.369085,0.357905,-0.357909,-0.369091,-0.654528,-0.4944,-0.357909,-0.369091,-0.654528,-0.4944,-0.357909,-0.374175,-1.40983,-0.4944,-0.357909,-0.374175,-1.40983,-0.4944
0.413642,1.29543,0.347932,0.325857,0.413642,1.29543,0.347932,0.325857,0.413642,0.559771,0.340973,0.325857,0.413642,0.559771,0.340973,0.325857,-0.325861,-0.340979,-0.559821,-0.413647,-0.325861,-0.340979,-0.559821,-0.413647,-0.325861,-0.347936,-1.29543,-0.413647,-0.325861,-0.347936,-1.29543,-0.413647
0.246431,1.3224,0.220328,0.191987,0.246431,1.3224,0.220328,0.191987,0.246431,0.815364,0.220064,0.191987,0.246431,0.815364,0.220064,0.191987,-0.191991,-0.220068,-0.815415,-0.246436,-0.191991,-0.220068,-0.815415,-0.246436,-0.191991,-0.220331,-1.3224,-0.246436,-0.191991,-0.220331,-1.3224,-0.246436
0.467545,1.45155,0.192865,0.189983,0.467545,1.45155,0.192865,0.189983,0.467545,0.832581,0.192738,0.189983,0.467545,0.832581,0.192738,0.189983,-0.189987,-0.192742,-0.832638,-0.467551,-0.189987,-0.192742,-0.832638,-0.467551,-0.189987,-0.192869,-1.45156,-0.467551,-0.189987,-0.192869,-1.45156,-0.467551
0.469465,1.45137,0.28888,0.283273,0.469465,1.45137,0.28888,0.283273,0.469465,0.566411,0.286572,0.283273,0.469465,0.566411,0.286572,0.283273,-0.283277,-0.286577,-0.566466,-0.469471,-0.283277,-0.286577,-0.566466,-0.469471,-0.283277,-0.288884,-1.45137,-0.469471,-0.283277,-0.288884,-1.45137,-0.469471
0.40888,1.35964,0.276321,0.268573,0.40888,1.35964,0.276321,0.268573,0.40888,0.489883,0.272803,0.268573,0.40888,0.489883,0.272803,0.268573,-0.268577,-0.272809,-0.489934,-0.408885,-0.268577,-0.272809,-0.489934,-0.408885,-0.268577,-0.276324,-1.35964,-0.408885,-0.268577,-0.276324,-1.35964,-0.408885
0.264121,1.35601,0.200384,0.186208,0.264121,1.35601,0.200384,0.186208,0.264121,0.667045,0.200149,0.186208,0.264121,0.667045,0.200149,0.186208,-0.186212,-0.200153,-0.667096,-0.264126,-0.186212,-0.200153,-0.667096,-0.264126,-0.186212,-0.200388,-1.35601,-0.264126,-0.186212,-0.200388,-1.35601,-0.264126
0.443394,1.46138,0.125882,0.125029,0.443394,1.46138,0.125882,0.125029,0.443394,0.727736,0.125839,0.125029,0.443394,0.727736,0.125839,0.125029,-0.125033,-0.125843,-0.727792,-0.4434,-0.125033,-0.125843,-0.727792,-0.4434,-0.125033,-0.125886,-1.46138,-0.4434,-0.125033,-0.125886,-1.46138,-0.4434
0.458564,1.47628,0.233484,0.231552,0.458564,1.47628,0.233484,0.231552,0.458564,0.511829,0.232414,0.231552,0.458564,0.511829,0.232414,0.231552,-0.231556,-0.232419,-0.511884,-0.45857,-0.231556,-0.232419,-0.511884,-0.45857,-0.231556,-0.233488,-1.47628,-0.45857,-0.231556,-0.233488,-1.47628,-0.45857
0.411661,1.40293,0.229002,0.2263,0.411661,1.40293,0.229002,0.2263,0.411661,0.437489,0.227002,0.2263,0.411661,0.437489,0.227002,0.2263,-0.226304,-0.227007,-0.437542,-0.411667,-0.226304,-0.227007,-0.437542,-0.411667,-0.226304,-0.229006,-1.40293,-0.411667,-0.226304,-0.229006,-1.40293,-0.411667
0.292612,1.38112,0.182649,0.176887,0.292612,1.38112,0.182649,0.176887,0.292612,0.556678,0.182415,0.176887,0.292612,0.556678,0.182415,0.176887,-0.17689,-0.182418,-0.55673,-0.292617,-0.17689,-0.182418,-0.55673,-0.292617,-0.17689,-0.182653,-1.38112,-0.292617,-0.17689,-0.182653,-1.38112,-0.292617
0.424215,1.46653,0.0789396,0.0786721,0.424215,1.46653,0.0789396,0.0786721,0.424215,0.6471,0.0789232,0.0786721,0.424215,0.6471,0.0789232,0.0786721,-0.078676,-0.0789271,-0.647155,-0.424221,-0.078676,-0.0789271,-0.647155,-0.424221,-0.078676,-0.0789435,-1.46653,-0.424221,-0.078676,-0.0789435,-1.46653,-0.424221
0.452489,1.492,0.19383,0.193161,0.452489,1.492,0.19383,0.193161,0.452489,0.47611,0.193338,0.193161,0.452489,0.47611,0.193338,0.193161,-0.193165,-0.193343,-0.476165,-0.452495,-0.193165,-0.193343,-0.476165,-0.452495,-0.193165,-0.193834,-1.492,-0.452495,-0.193165,-0.193834,-1.492,-0.452495
0.415512,1.43416,0.195379,0.194424,0.415512,1.43416,0.195379,0.194424,0.415512,0.396311,0.194139,0.194424,0.415512,0.396311,0.194139,0.194424,-0.194428,-0.194144,-0.396364,-0.415518,-0.194428,-0.194144,-0.396364,-0.415518,-0.194428,-0.195382,-1.43416,-0.415518,-0.194428,-0.195382,-1.43416,-0.415518
0.32351,1.40143,0.166706,0.16469,0.32351,1.40143,0.166706,0.16469,0.32351,0.471273,0.166454,0.16469,0.32351,0.471273,0.166454,0.16469,-0.164693,-0.166458,-0.471326,-0.323515,-0.164693,-0.166458,-0.471326,-0.323515,-0.164693,-0.166709,-1.40143,-0.323515,-0.164693,-0.166709,-1.40143,-0.323515
0.406987,1.46907,0.0508411,0.0507424,0.406987,1.46907,0.0508411,0.0507424,0.406987,0.581386,0.0508332,0.0507424,0.406987,0.581386,0.0508332,0.0507424,-0.0507463,-0.0508371,-0.581441,-0.406993,-0.0507463,-0.0508371,-0.581441,-0.406993,-0.0507463,-0.0508449,-1.46907,-0.406993,-0.0507463,-0.0508449,-1.46907,-0.406993
0.448044,1.50208,0.163242,0.163009,0.448044,1.50208,0.163242,0.163009,0.448044,0.451209,0.163019,0.163009,0.448044,0.451209,0.163019,0.163009,-0.163013,-0.163024,-0.451265,-0.44805,-0.163013,-0.163024,-0.451265,-0.44805,-0.163013,-0.163245,-1.50209,-0.44805,-0.163013,-0.163245,-1.50209,-0.44805
0.418812,1.45764,0.170249,0.169906,0.418812,1.45764,0.170249,0.169906,0.418812,0.363036,0.169432,0.169906,0.418812,0.363036,0.169432,0.169906,-0.16991,-0.169436,-0.363089,-0.418817,-0.16991,-0.169436,-0.363089,-0.418817,-0.16991,-0.170253,-1.45765,-0.418817,-0.16991,-0.170253,-1.45765,-0.418817
0.349509,1.41881,0.152391,0.151721,0.349509,1.41881,0.152391,0.151721,0.349509,0.404327,0.152113,0.151721,0.349509,0.404327,0.152113,0.151721,-0.151725,-0.152117,-0.40438,-0.349514,-0.151725,-0.152117,-0.40438,-0.349514,-0.151725,-0.152395,-1.41882,-0.349514,-0.151725,-0.152395,-1.41882,-0.349514
0.390553,1.47019,0.0436709,0.0436214,0.390553,1.47019,0.0436709,0.0436214,0.390553,0.525598,0.0436656,0.0436214,0.390553,0.525598,0.0436656,0.0436214,-0.0436253,-0.0436695,-0.525652,-0.390559,-0.0436253,-0.0436695,-0.525652,-0.390559,-0.0436253,-0.0436748,-1.47019,-0.390559,-0.0436253,-0.0436748,-1.47019,-0.390559
0.444016,1.50846,0.138128,0.138047,0.444016,1.50846,0.138128,0.138047,0.444016,0.43206,0.138029,0.138047,0.444016,0.43206,0.138029,0.138047,-0.138051,-0.138033,-0.432116,-0.444021,-0.138051,-0.138033,-0.432116,-0.444021,-0.138051,-0.138132,-1.50846,-0.444021,-0.138051,-0.138132,-1.50846,-0.444021
0.42136,1.47575,0.150734,0.150609,0.42136,1.47575,0.150734,0.150609,0.42136,0.335789,0.150171,0.150609,0.42136,0.335789,0.150171,0.150609,-0.150612,-0.150175,-0.335843,-0.421365,-0.150612,-0.150175,-0.335843,-0.421365,-0.150612,-0.150738,-1.47575,-0.421365,-0.150612,-0.150738,-1.47575,-0.421365
0.368937,1.43415,0.139585,0.139361,0.368937,1.43415,0.139585,0.139361,0.368937,0.35278,0.139285,0.139361,0.368937,0.35278,0.139285,0.139361,-0.139365,-0.139289,-0.352833,-0.368943,-0.139365,-0.139289,-0.352833,-0.368943,-0.139365,-0.139589,-1.43416,-0.368943,-0.139365,-0.139589,-1.43416,-0.368943
0.374615,1.47064,0.0513203,0.0512862,0.374615,1.47064,0.0513203,0.0512862,0.374615,0.476819,0.0513152,0.0512862,0.374615,0.476819,0.0513152,0.0512862,-0.05129,-0.051319,-0.476873,-0.37462,-0.05129,-0.051319,-0.476873,-0.37462,-0.05129,-0.0513242,-1.47064,-0.37462,-0.05129,-0.0513242,-1.47064,-0.37462
0.439882,1.51226,0.116365,0.116337,0.439882,1.51226,0.116365,0.116337,0.439882,0.415591,0.11632,0.116337,0.439882,0.415591,0.11632,0.116337,-0.116341,-0.116324,-0.415647,-0.439888,-0.116341,-0.116324,-0.415647,-0.439888,-0.116341,-0.116369,-1.51226,-0.439888,-0.116341,-0.116369,-1.51226,-0.439888
0.423281,1.48986,0.135083,0.135036,0.423281,1.48986,0.135083,0.135036,0.423281,0.31349,0.134686,0.135036,0.423281,0.31349,0.134686,0.135036,-0.13504,-0.13469,-0.313545,-0.423287,-0.13504,-0.13469,-0.313545,-0.423287,-0.13504,-0.135086,-1.48986,-0.423287,-0.13504,-0.135086,-1.48986,-0.423287
0.382821,1.44791,0.128172,0.128095,0.382821,1.44791,0.128172,0.128095,0.382821,0.314754,0.127872,0.128095,0.382821,0.314754,0.127872,0.128095,-0.128099,-0.127876,-0.314807,-0.382827,-0.128099,-0.127876,-0.314807,-0.382827,-0.128099,-0.128176,-1.44791,-0.382827,-0.128099,-0.128176,-1.44791,-0.382827
0.359738,1.47095,0.0625118,0.0624842,0.359738,1.47095,0.0625118,0.0624842,0.359738,0.43324,0.0625057,0.0624842,0.359738,0.43324,0.0625057,0.0624842,-0.062488,-0.0625095,-0.433293,-0.359743,-0.062488,-0.0625095,-0.433293,-0.359743,-0.062488,-0.0625156,-1.47095,-0.359743,-0.062488,-0.0625156,-1.47095,-0.359743
0.435377,1.5142,0.0966051,0.0965954,0.435377,1.5142,0.0966051,0.0965954,0.435377,0.400123,0.0965848,0.0965954,0.435377,0.400123,0.0965848,0.0965954,-0.0965993,-0.0965887,-0.400178,-0.435383,-0.0965993,-0.0965887,-0.400178,-0.435383,-0.0965993,-0.096609,-1.5142,-0.435383,-0.0965993,-0.096609,-1.5142,-0.435383
0.424721,1.5009,0.12215,0.122133,0.424721,1.5009,0.12215,0.122133,0.424721,0.29561,0.12187,0.122133,0.424721,0.29561,0.12187,0.122133,-0.122136,-0.121874,-0.295664,-0.424726,-0.122136,-0.121874,-0.295664,-0.424726,-0.122136,-0.122154,-1.5009,-0.424726,-0.122136,-0.122154,-1.5009,-0.424726
0.392631,1.46034,0.118035,0.118008,0.392631,1.46034,0.118035,0.118008,0.392631,0.287706,0.117762,0.118008,0.392631,0.287706,0.117762,0.118008,-0.118011,-0.117766,-0.287759,-0.392636,-0.118011,-0.117766,-0.287759,-0.392636,-0.118011,-0.118039,-1.46034,-0.392636,-0.118011,-0.118039,-1.46034,-0.392636
0.347988,1.47154,0.0712957,0.0712737,0.347988,1.47154,0.0712957,0.0712737,0.347988,0.393693,0.0712878,0.0712737,0.347988,0.393693,0.0712878,0.0712737,-0.0712775,-0.0712917,-0.393747,-0.347993,-0.0712775,-0.0712917,-0.393747,-0.347993,-0.0712775,-0.0712995,-1.47155,-0.347993,-0.0712775,-0.0712995,-1.47155,-0.347993
0.430339,1.51479,0.0779928,0.0779895,0.430339,1.51479,0.0779928,0.0779895,0.430339,0.38483,0.0779834,0.0779895,0.430339,0.38483,0.0779834,0.0779895,-0.0779934,-0.0779874,-0.384886,-0.430345,-0.0779934,-0.0779874,-0.384886,-0.430345,-0.0779934,-0.0779967,-1.51479,-0.430345,-0.0779934,-0.0779967,-1.51479,-0.430345
0.42577,1.50948,0.111139,0.111133,0.42577,1.50948,0.111139,0.111133,0.42577,0.282015,0.110947,0.111133,0.42577,0.282015,0.110947,0.111133,-0.111137,-0.110951,-0.28207,-0.425776,-0.111137,-0.110951,-0.28207,-0.425776,-0.111137,-0.111143,-1.50948,-0.425776,-0.111137,-0.111143,-1.50948,-0.425776
0.399591,1.47162,0.109059,0.109049,0.399591,1.47162,0.109059,0.109049,0.399591,0.268168,0.108829,0.109049,0.399591,0.268168,0.108829,0.109049,-0.109053,-0.108833,-0.268222,-0.399597,-0.109053,-0.108833,-0.268222,-0.399597,-0.109053,-0.109062,-1.47162,-0.399597,-0.109053,-0.109062,-1.47162,-0.399597
0.343254,1.47271,0.076606,0.0765911,0.343254,1.47271,0.076606,0.0765911,0.343254,0.357426,0.0765955,0.0765911,0.343254,0.357426,0.0765955,0.0765911,-0.0765949,-0.0765993,-0.357479,-0.343259,-0.0765949,-0.0765993,-0.357479,-0.343259,-0.0765949,-0.0766098,-1.47271,-0.343259,-0.0765949,-0.0766098,-1.47271,-0.343259
0.424655,1.51437,0.0601232,0.0601221,0.424655,1.51437,0.0601232,0.0601221,0.424655,0.36935,0.0601188,0.0601221,0.424655,0.36935,0.0601188,0.0601221,-0.060126,-0.0601227,-0.369405,-0.424661,-0.060126,-0.0601227,-0.369405,-0.424661,-0.060126,-0.0601271,-1.51437,-0.424661,-0.060126,-0.0601271,-1.51437,-0.424661
0.426472,1.51607,0.101467,0.101465,0.426472,1.51607,0.101467,0.101465,0.426472,0.272675,0.101342,0.101465,0.426472,0.272675,0.101342,0.101465,-0.101469,-0.101347,-0.27273,-0.426477,-0.101469,-0.101347,-0.27273,-0.426477,-0.101469,-0.101471,-1.51607,-0.426477,-0.101469,-0.101471,-1.51607,-0.426477
0.404595,1.48185,0.101128,0.101125,0.404595,1.48185,0.101128,0.101125,0.404595,0.253025,0.100943,0.101125,0.404595,0.253025,0.100943,0.101125,-0.101129,-0.100947,-0.253079,-0.404601,-0.101129,-0.100947,-0.253079,-0.404601,-0.101129,-0.101132,-1.48185,-0.404601,-0.101129,-0.101132,-1.48185,-0.404601
0.348058,1.47464,0.0790113,0.0790037,0.348058,1.47464,0.0790113,0.0790037,0.348058,0.323991,0.078997,0.0790037,0.348058,0.323991,0.078997,0.0790037,-0.0790075,-0.0790008,-0.324044,-0.348064,-0.0790075,-0.0790008,-0.324044,-0.348064,-0.0790075,-0.0790151,-1.47464,-0.348064,-0.0790075,-0.0790151,-1.47464,-0.348064
0.418243,1.51322,0.0433301,0.0433297,0.418243,1.51322,0.0433301,0.0433297,0.418243,0.353546,0.043328,0.0433297,0.418243,0.353546,0.043328,0.0433297,-0.0433336,-0.0433319,-0.353601,-0.418249,-0.0433336,-0.0433319,-0.353601,-0.418249,-0.0433336,-0.043334,-1.51322,-0.418249,-0.0433336,-0.043334,-1.51322,-0.418249
0.426825,1.52101,0.0926854,0.0926845,0.426825,1.52101,0.0926854,0.0926845,0.426825,0.267183,0.0926104,0.0926845,0.426825,0.267183,0.0926104,0.0926845,-0.0926884,-0.0926144,-0.267238,-0.426831,-0.0926884,-0.0926144,-0.267238,-0.426831,-0.0926884,-0.0926893,-1.52101,-0.426831,-0.0926884,-0.0926893,-1.52101,-0.426831
0.408267,1.49108,0.0941286,0.0941272,0.408267,1.49108,0.0941286,0.0941272,0.408267,0.240339,0.0939794,0.0941272,0.408267,0.240339,0.0939794,0.0941272,-0.0941311,-0.0939835,-0.240393,-0.408273,-0.0941311,-0.0939835,-0.240393,-0.408273,-0.0941311,-0.0941324,-1.49108,-0.408273,-0.0941311,-0.0941324,-1.49108,-0.408273
0.359126,1.47739,0.0793133,0.0793103,0.359126,1.47739,0.0793133,0.0793103,0.359126,0.293227,0.0792935,0.0793103,0.359126,0.293227,0.0792935,0.0793103,-0.0793141,-0.0792974,-0.29328,-0.359132,-0.0793141,-0.0792974,-0.29328,-0.359132,-0.0793141,-0.0793171,-1.47739,-0.359132,-0.0793141,-0.0793171,-1.47739,-0.359132
0.411039,1.51157,0.0294825,0.0294824,0.411039,1.51157,0.0294825,0.0294824,0.411039,0.337394,0.0294814,0.0294824,0.411039,0.337394,0.0294814,0.0294824,-0.0294863,-0.0294853,-0.337448,-0.411044,-0.0294863,-0.0294853,-0.337448,-0.411044,-0.0294863,-0.0294864,-1.51157,-0.411044,-0.0294863,-0.0294864,-1.51157,-0.411044
0.426804,1.52457,0.0844362,0.0844358,0.426804,1.52457,0.0844362,0.0844358,0.426804,0.264488,0.0843943,0.0844358,0.426804,0.264488,0.0843943,0.0844358,-0.0844397,-0.0843983,-0.264543,-0.426809,-0.0844397,-0.0843983,-0.264543,-0.426809,-0.0844397,-0.0844401,-1.52457,-0.426809,-0.0844397,-0.0844401,-1.52457,-0.426809
0.411034,1.49935,0.087943,0.0879425,0.411034,1.49935,0.087943,0.0879425,0.411034,0.229187,0.0878224,0.0879425,0.411034,0.229187,0.0878224,0.0879425,-0.0879463,-0.0878264,-0.229241,-0.411039,-0.0879463,-0.0878264,-0.229241,-0.411039,-0.0879463,-0.0879468,-1.49935,-0.411039,-0.0879463,-0.0879468,-1.49935,-0.411039
0.37114,1.4809,0.0781892,0.0781881,0.37114,1.4809,0.0781892,0.0781881,0.37114,0.265301,0.0781619,0.0781881,0.37114,0.265301,0.0781619,0.0781881,-0.0781919,-0.0781658,-0.265354,-0.371146,-0.0781919,-0.0781658,-0.265354,-0.371146,-0.0781919,-0.078193,-1.4809,-0.371146,-0.0781919,-0.078193,-1.4809,-0.371146
0.403013,1.50963,0.0224099,0.0224098,0.403013,1.50963,0.0224099,0.0224098,0.403013,0.320916,0.0224091,0.0224098,0.403013,0.320916,0.0224091,0.0224098,-0.0224137,-0.022413,-0.320971,-0.403019,-0.0224137,-0.022413,-0.320971,-0.403019,-0.0224137,-0.0224137,-1.50963,-0.403019,-0.0224137,-0.0224137,-1.50963,-0.403019
0.426365,1.52698,0.0764231,0.076423,0.426365,1.52698,0.0764231,0.076423,0.426365,0.26318,0.076401,0.076423,0.426365,0.26318,0.076401,0.076423,-0.0764269,-0.076405,-0.263235,-0.426371,-0.0764269,-0.076405,-0.263235,-0.426371,-0.0764269,-0.0764271,-1.52698,-0.426371,-0.0764269,-0.0764271,-1.52698,-0.426371
0.413182,1.50666,0.0824535,0.0824533,0.413182,1.50666,0.0824535,0.0824533,0.413182,0.219213,0.0823552,0.0824533,0.413182,0.219213,0.0823552,0.0824533,-0.0824572,-0.0823592,-0.219268,-0.413188,-0.0824572,-0.0823592,-0.219268,-0.413188,-0.0824572,-0.0824574,-1.50666,-0.413188,-0.0824572,-0.0824574,-1.50666,-0.413188
0.381427,1.48502,0.0761487,0.0761483,0.381427,1.48502,0.0761487,0.0761483,0.381427,0.240757,0.0761121,0.0761483,0.381427,0.240757,0.0761121,0.0761483,-0.0761521,-0.076116,-0.240811,-0.381433,-0.0761521,-0.076116,-0.240811,-0.381433,-0.0761521,-0.0761525,-1.48502,-0.381433,-0.0761521,-0.0761525,-1.48502,-0.381433
0.394216,1.50758,0.0242564,0.0242563,0.394216,1.50758,0.0242564,0.0242563,0.394216,0.304164,0.0242556,0.0242563,0.394216,0.304164,0.0242556,0.0242563,-0.0242602,-0.0242595,-0.304219,-0.394222,-0.0242602,-0.0242595,-0.304219,-0.394222,-0.0242602,-0.0242602,-1.50758,-0.394222,-0.0242602,-0.0242602,-1.50758,-0.394222
0.425456,1.5284,0.0683927,0.0683926,0.425456,1.5284,0.0683927,0.0683926,0.425456,0.262034,0.0683813,0.0683926,0.425456,0.262034,0.0683813,0.0683926,-0.0683965,-0.0683852,-0.262089,-0.425462,-0.0683965,-0.0683852,-0.262089,-0.425462,-0.0683965,-0.0683966,-1.5284,-0.425462,-0.0683965,-0.0683966,-1.5284,-0.425462
0.414902,1.51304,0.0775406,0.0775406,0.414902,1.51304,0.0775406,0.0775406,0.414902,0.210348,0.0774601,0.0775406,0.414902,0.210348,0.0774601,0.0775406,-0.0775444,-0.0774641,-0.210403,-0.414907,-0.0775444,-0.0774641,-0.210403,-0.414907,-0.0775444,-0.0775445,-1.51304,-0.414907,-0.0775444,-0.0775445,-1.51304,-0.414907
0.389488,1.48958,0.0735613,0.0735612,0.389488,1.48958,0.0735613,0.0735612,0.389488,0.220387,0.0735156,0.0735612,0.389488,0.220387,0.0735156,0.0735612,-0.073565,-0.0735195,-0.220441,-0.389494,-0.073565,-0.0735195,-0.220441,-0.389494,-0.073565,-0.0735652,-1.48958,-0.389494,-0.073565,-0.0735652,-1.48958,-0.389494
0.384914,1.50563,0.0312944,0.0312944,0.384914,1.50563,0.0312944,0.0312944,0.384914,0.287202,0.0312935,0.0312944,0.384914,0.287202,0.0312935,0.0312944,-0.0312982,-0.0312973,-0.287256,-0.38492,-0.0312982,-0.0312973,-0.287256,-0.38492,-0.0312982,-0.0312982,-1.50563,-0.38492,-0.0312982,-0.0312982,-1.50563,-0.38492
0.424021,1.529,0.0601249,0.0601249,0.424021,1.529,0.0601249,0.0601249,0.424021,0.260267,0.0601191,0.0601249,0.424021,0.260267,0.0601191,0.0601249,-0.0601288,-0.060123,-0.260322,-0.424027,-0.0601288,-0.060123,-0.260322,-0.424027,-0.0601288,-0.0601288,-1.529,-0.424027,-0.0601288,-0.0601288,-1.529,-0.424027
0.416309,1.5185,0.0730833,0.0730833,0.416309,1.5185,0.0730833,0.0730833,0.416309,0.202704,0.0730179,0.0730833,0.416309,0.202704,0.0730179,0.0730833,-0.0730872,-0.0730219,-0.202758,-0.416315,-0.0730872,-0.0730219,-0.202758,-0.416315,-0.0730872,-0.0730872,-1.5185,-0.416315,-0.0730872,-0.0730872,-1.5185,-0.416315
0.395606,1.49441,0.0706907,0.0706906,0.395606,1.49441,0.0706907,0.0706906,0.395606,0.204681,0.0706391,0.0706906,0.395606,0.204681,0.0706391,0.0706906,-0.0706944,-0.070643,-0.204735,-0.395612,-0.0706944,-0.070643,-0.204735,-0.395612,-0.0706944,-0.0706945,-1.49441,-0.395612,-0.0706944,-0.0706945,-1.49441,-0.395612
0.375953,1.50396,0.0387124,0.0387124,0.375953,1.50396,0.0387124,0.0387124,0.375953,0.270104,0.0387111,0.0387124,0.375953,0.270104,0.0387111,0.0387124,-0.0387162,-0.038715,-0.270158,-0.375959,-0.0387162,-0.038715,-0.270158,-0.375959,-0.0387162,-0.0387162,-1.50396,-0.375959,-0.0387162,-0.0387162,-1.50396,-0.375959
0.422003,1.5289,0.0514388,0.0514388,0.422003,1.5289,0.0514388,0.0514388,0.422003,0.257494,0.0514359,0.0514388,0.422003,0.257494,0.0514359,0.0514388,-0.0514427,-0.0514398,-0.257549,-0.422009,-0.0514427,-0.0514398,-0.257549,-0.422009,-0.0514427,-0.0514427,-1.5289,-0.422009,-0.0514427,-0.0514427,-1.5289,-0.422009
0.417469,1.52308,0.0689601,0.0689601,0.417469,1.52308,0.0689601,0.0689601,0.417469,0.196566,0.0689085,0.0689601,0.417469,0.196566,0.0689085,0.0689601,-0.068964,-0.0689125,-0.196621,-0.417475,-0.068964,-0.0689125,-0.196621,-0.417475,-0.068964,-0.068964,-1.52308,-0.417475,-0.068964,-0.068964,-1.52308,-0.417475
0.400213,1.49936,0.0677212,0.0677212,0.400213,1.49936,0.0677212,0.0677212,0.400213,0.193188,0.0676694,0.0677212,0.400213,0.193188,0.0676694,0.0677212,-0.0677251,-0.0676733,-0.193242,-0.400219,-0.0677251,-0.0676733,-0.193242,-0.400219,-0.0677251,-0.0677251,-1.49937,-0.400219,-0.0677251,-0.0677251,-1.49937,-0.400219
0.369339,1.50276,0.0444829,0.0444829,0.369339,1.50276,0.0444829,0.0444829,0.369339,0.252959,0.0444811,0.0444829,0.369339,0.252959,0.0444811,0.0444829,-0.0444868,-0.0444849,-0.253013,-0.369345,-0.0444868,-0.0444849,-0.253013,-0.369345,-0.0444868,-0.0444868,-1.50277,-0.369345,-0.0444868,-0.0444868,-1.50277,-0.369345
0.419348,1.52823,0.0422341,0.0422341,0.419348,1.52823,0.0422341,0.0422341,0.419348,0.253581,0.0422326,0.0422341,0.419348,0.253581,0.0422326,0.0422341,-0.042238,-0.0422365,-0.253636,-0.419354,-0.042238,-0.0422365,-0.253636,-0.419354,-0.042238,-0.042238,-1.52823,-0.419354,-0.042238,-0.042238,-1.52823,-0.419354
0.418407,1.52683,0.0650496,0.0650496,0.418407,1.52683,0.0650496,0.0650496,0.418407,0.192341,0.0650111,0.0650496,0.418407,0.192341,0.0650111,0.0650496,-0.0650535,-0.0650151,-0.192396,-0.418413,-0.0650535,-0.0650151,-0.192396,-0.418413,-0.0650535,-0.0650535,-1.52683,-0.418413,-0.0650535,-0.0650535,-1.52683,-0.418413
0.403698,1.50433,0.0647786,0.0647786,0.403698,1.50433,0.0647786,0.0647786,0.403698,0.184657,0.0647305,0.0647786,0.403698,0.184657,0.0647305,0.0647786,-0.0647824,-0.0647344,-0.184711,-0.403704,-0.0647824,-0.0647344,-0.184711,-0.403704,-0.0647824,-0.0647824,-1.50433,-0.403704,-0.0647824,-0.0647824,-1.50433,-0.403704
0.367889,1.50218,0.0483461,0.0483461,0.367889,1.50218,0.0483461,0.0483461,0.367889,0.235887,0.0483433,0.0483461,0.367889,0.235887,0.0483433,0.0483461,-0.0483499,-0.0483472,-0.235941,-0.367894,-0.0483499,-0.0483472,-0.235941,-0.367894,-0.0483499,-0.04835,-1.50218,-0.367894,-0.0483499,-0.04835,-1.50218,-0.367894
0.416004,1.52708,0.0326334,0.0326334,0.416004,1.52708,0.0326334,0.0326334,0.416004,0.248526,0.0326326,0.0326334,0.416004,0.248526,0.0326326,0.0326334,-0.0326373,-0.0326365,-0.248581,-0.41601,-0.0326373,-0.0326365,-0.248581,-0.41601,-0.0326373,-0.0326373,-1.52708,-0.41601,-0.0326373,-0.0326373,-1.52708,-0.41601
0.41912,1.5298,0.061231,0.061231,0.41912,1.5298,0.061231,0.061231,0.41912,0.190306,0.0612046,0.061231,0.41912,0.190306,0.0612046,0.061231,-0.0612349,-0.0612086,-0.190361,-0.419126,-0.0612349,-0.0612086,-0.190361,-0.419126,-0.0612349,-0.0612349,-1.5298,-0.419126,-0.0612349,-0.0612349,-1.5298,-0.419126
0.406371,1.5092,0.0619429,0.0619429,0.406371,1.5092,0.0619429,0.0619429,0.406371,0.177827,0.0619001,0.0619429,0.406371,0.177827,0.0619001,0.0619429,-0.0619467,-0.061904,-0.177881,-0.406377,-0.0619467,-0.061904,-0.177881,-0.406377,-0.0619467,-0.0619467,-1.5092,-0.406377,-0.0619467,-0.0619467,-1.5092,-0.406377
0.372128,1.50231,0.0505929,0.0505929,0.372128,1.50231,0.0505929,0.0505929,0.372128,0.219059,0.0505887,0.0505929,0.372128,0.219059,0.0505887,0.0505929,-0.0505967,-0.0505926,-0.219113,-0.372133,-0.0505967,-0.0505926,-0.219113,-0.372133,-0.0505967,-0.0505967,-1.50231,-0.372133,-0.0505967,-0.0505967,-1.50231,-0.372133
0.411924,1.52556,0.0233808,0.0233808,0.411924,1.52556,0.0233808,0.0233808,0.411924,0.242392,0.0233804,0.0233808,0.411924,0.242392,0.0233804,0.0233808,-0.0233847,-0.0233843,-0.242447,-0.41193,-0.0233847,-0.0233843,-0.242447,-0.41193,-0.0233847,-0.0233847,-1.52556,-0.41193,-0.0233847,-0.0233847,-1.52556,-0.41193
0.419586,1.53205,0.0573844,0.0573844,0.419586,1.53205,0.0573844,0.0573844,0.419586,0.190267,0.057368,0.0573844,0.419586,0.190267,0.057368,0.0573844,-0.0573883,-0.0573719,-0.190322,-0.419591,-0.0573883,-0.0573719,-0.190322,-0.419591,-0.0573883,-0.0573883,-1.53205,-0.419591,-0.0573883,-0.0573883,-1.53205,-0.419591
0.408465,1.51387,0.0592586,0.0592586,0.408465,1.51387,0.0592586,0.0592586,0.408465,0.171905,0.0592212,0.0592586,0.408465,0.171905,0.0592212,0.0592586,-0.0592624,-0.0592251,-0.171959,-0.408471,-0.0592624,-0.0592251,-0.171959,-0.408471,-0.0592624,-0.0592624,-1.51387,-0.408471,-0.0592624,-0.0592624,-1.51387,-0.408471
0.379137,1.50315,0.0515986,0.0515986,0.379137,1.50315,0.0515986,0.0515986,0.379137,0.202758,0.0515924,0.0515986,0.379137,0.202758,0.0515924,0.0515986,-0.0516024,-0.0515963,-0.202812,-0.379142,-0.0516024,-0.0515963,-0.202812,-0.379142,-0.0516024,-0.0516024,-1.50316,-0.379142,-0.0516024,-0.0516024,-1.50316,-0.379142
0.407072,1.52379,0.0165347,0.0165347,0.407072,1.52379,0.0165347,0.0165347,0.407072,0.235266,0.0165344,0.0165347,0.407072,0.235266,0.0165344,0.0165347,-0.0165385,-0.0165383,-0.23532,-0.407078,-0.0165385,-0.0165383,-0.23532,-0.407078,-0.0165385,-0.0165385,-1.52379,-0.407078,-0.0165385,-0.0165385,-1.52379,-0.407078
0.419766,1.53363,0.0533905,0.0533905,0.419766,1.53363,0.0533905,0.0533905,0.419766,0.191499,0.0533811,0.0533905,0.419766,0.191499,0.0533811,0.0533905,-0.0533944,-0.053385,-0.191554,-0.419772,-0.0533944,-0.053385,-0.191554,-0.419772,-0.0533944,-0.0533944,-1.53363,-0.419772,-0.0533944,-0.0533944,-1.53363,-0.419772
0.410149,1.51826,0.0567417,0.0567417,0.410149,1.51826,0.0567417,0.0567417,0.410149,0.166529,0.0567091,0.0567417,0.410149,0.166529,0.0567091,0.0567417,-0.0567456,-0.0567131,-0.166584,-0.410154,-0.0567456,-0.0567131,-0.166584,-0.410154,-0.0567456,-0.0567456,-1.51826,-0.410154,-0.0567456,-0.0567456,-1.51826,-0.410154
0.38614,1.50466,0.0516965,0.0516965,0.38614,1.50466,0.0516965,0.0516965,0.38614,0.187445,0.0516875,0.0516965,0.38614,0.187445,0.0516875,0.0516965,-0.0517003,-0.0516913,-0.187499,-0.386145,-0.0517003,-0.0516913,-0.187499,-0.386145,-0.0517003,-0.0517003,-1.50466,-0.386145,-0.0517003,-0.0517003,-1.50466,-0.386145
0.401441,1.52188,0.0149535,0.0149535,0.401441,1.52188,0.0149535,0.0149535,0.401441,0.227246,0.0149532,0.0149535,0.401441,0.227246,0.0149532,0.0149535,-0.0149573,-0.0149571,-0.227301,-0.401447,-0.0149573,-0.0149571,-0.227301,-0.401447,-0.0149573,-0.0149573,-1.52188,-0.401447,-0.0149573,-0.0149574,-1.52188,-0.401447
0.419616,1.53461,0.0491304,0.0491304,0.419616,1.53461,0.0491304,0.0491304,0.419616,0.193104,0.0491252,0.0491304,0.419616,0.193104,0.0491252,0.0491304,-0.0491343,-0.0491291,-0.193159,-0.419621,-0.0491343,-0.0491291,-0.193159,-0.419621,-0.0491343,-0.0491343,-1.53461,-0.419621,-0.0491343,-0.0491343,-1.53461,-0.419621
0.411542,1.52229,0.0543851,0.0543851,0.411542,1.52229,0.0543851,0.0543851,0.411542,0.1616,0.0543567,0.0543851,0.411542,0.1616,0.0543567,0.0543851,-0.054389,-0.0543606,-0.161654,-0.411547,-0.054389,-0.0543606,-0.161654,-0.411547,-0.054389,-0.054389,-1.52229,-0.411547,-0.054389,-0.0543891,-1.52229,-0.411547
0.39205,1.50673,0.0511555,0.0511555,0.39205,1.50673,0.0511555,0.0511555,0.39205,0.173794,0.051143,0.0511555,0.39205,0.173794,0.051143,0.0511555,-0.0511594,-0.0511468,-0.173847,-0.392056,-0.0511594,-0.0511468,-0.173847,-0.392056,-0.0511594,-0.0511594,-1.50673,-0.392056,-0.0511594,-0.0511594,-1.50673,-0.392056
0.39511,1.51995,0.0186376,0.0186376,0.39511,1.51995,0.0186376,0.0186376,0.39511,0.218436,0.0186373,0.0186376,0.39511,0.218436,0.0186373,0.0186376,-0.0186414,-0.0186412,-0.21849,-0.395116,-0.0186414,-0.0186412,-0.21849,-0.395116,-0.0186414,-0.0186414,-1.51994,-0.395116,-0.0186414,-0.0186427,-1.51995,-0.395116
0.419083,1.53503,0.0444856,0.0444856,0.419083,1.53503,0.0444856,0.0444856,0.419083,0.194369,0.0444828,0.0444856,0.419083,0.194369,0.0444828,0.0444856,-0.0444895,-0.0444867,-0.194424,-0.419089,-0.0444895,-0.0444867,-0.194424,-0.419089,-0.0444895,-0.0444895,-1.53503,-0.419089,-0.0444895,-0.0444911,-1.53503,-0.419089
0.412723,1.52591,0.0521627,0.0521627,0.412723,1.52591,0.0521627,0.0521627,0.412723,0.157171,0.0521381,0.0521627,0.412723,0.157171,0.0521381,0.0521627,-0.0521666,-0.052142,-0.157226,-0.412729,-0.0521666,-0.052142,-0.157226,-0.412729,-0.0521666,-0.0521666,-1.52591,-0.412729,-0.0521666,-0.052168,-1.52591,-0.412729
0.396735,1.50922,0.0501853,0.0501853,0.396735,1.50922,0.0501853,0.0501853,0.396735,0.162529,0.0501694,0.0501853,0.396735,0.162529,0.0501694,0.0501853,-0.0501892,-0.0501733,-0.162583,-0.39674,-0.0501892,-0.0501733,-0.162583,-0.39674,-0.0501892,-0.0501892,-1.50922,-0.39674,-0.0501892,-0.0501906,-1.50922,-0.39674
0.38841,1.51813,0.024312,0.024312,0.38841,1.51813,0.024312,0.024312,0.38841,0.208939,0.0243117,0.024312,0.38841,0.208939,0.0243117,0.024312,-0.0243159,-0.0243155,-0.208993,-0.388416,-0.0243159,-0.0243155,-0.208993,-0.388416,-0.0243159,-0.0243159,-1.51812,-0.388416,-0.0243159,-0.0243331,-1.51813,-0.388416
0.418115,1.53497,0.039343,0.039343,0.418115,1.53497,0.039343,0.039343,0.418115,0.194876,0.0393415,0.039343,0.418115,0.194876,0.0393415,0.039343,-0.0393469,-0.0393454,-0.194931,-0.418121,-0.0393469,-0.0393454,-0.194931,-0.418121,-0.0393469,-0.0393469,-1.53493,-0.418121,-0.0393469,-0.0393864,-1.53497,-0.418121
0.413738,1.52907,0.0500333,0.0500333,0.413738,1.52907,0.0500333,0.0500333,0.413738,0.153434,0.0500124,0.0500333,0.413738,0.153434,0.0500124,0.0500333,-0.0500372,-0.0500163,-0.153489,-0.413744,-0.0500372,-0.0500163,-0.153489,-0.413744,-0.0500372,-0.0500372,-1.52903,-0.413744,-0.0500372,-0.0500718,-1.52907,-0.413744
0.400369,1.51202,0.0489464,0.0489464,0.400369,1.51202,0.0489464,0.0489464,0.400369,0.153977,0.0489283,0.0489464,0.400369,0.153977,0.0489283,0.0489464,-0.0489502,-0.0489322,-0.154031,-0.400375,-0.0489502,-0.0489322,-0.154031,-0.400375,-0.0489502,-0.0489502,-1.51199,-0.400375,-0.0489502,-0.048981,-1.51202,-0.400375
0.38229,1.51658,0.0295067,0.0295067,0.38229,1.51658,0.0295067,0.0295067,0.38229,0.198864,0.0295062,0.0295067,0.38229,0.198864,0.0295062,0.0295067,-0.0295106,-0.02951,-0.198918,-0.382296,-0.0295106,-0.02951,-0.198918,-0.382296,-0.0295106,-0.0295106,-1.51636,-0.382296,-0.0295106,-0.0297384,-1.51658,-0.382296
0.41666,1.53447,0.0336124,0.0336124,0.41666,1.53447,0.0336124,0.0336124,0.41666,0.19443,0.0336116,0.0336124,0.41666,0.19443,0.0336116,0.0336124,-0.0336162,-0.0336155,-0.194485,-0.416665,-0.0336162,-0.0336155,-0.194485,-0.416665,-0.0336162,-0.0336162,-1.53349,-0.416665,-0.0336162,-0.0345953,-1.53447,-0.416665
0.414608,1.53175,0.0479437,0.0479437,0.414608,1.53175,0.0479437,0.0479437,0.414608,0.150718,0.0479267,0.0479437,0.414608,0.150718,0.0479267,0.0479437,-0.0479475,-0.0479306,-0.150773,-0.414614,-0.0479475,-0.0479306,-0.150773,-0.414614,-0.0479475,-0.0479475,-1.53094,-0.414614,-0.0479475,-0.0487622,-1.53175,-0.414614
0.40318,1.51502,0.0475589,0.0475589,0.40318,1.51502,0.0475589,0.0475589,0.40318,0.147754,0.0475405,0.0475589,0.40318,0.147754,0.0475405,0.0475589,-0.0475628,-0.0475444,-0.147808,-0.403186,-0.0475628,-0.0475444,-0.147808,-0.403186,-0.0475628,-0.0475628,-1.51433,-0.403186,-0.0475628,-0.0482549,-1.51502,-0.403186
0.378671,1.51543,0.0334512,0.0334512,0.378671,1.51543,0.0334512,0.0334512,0.378671,0.188331,0.0334504,0.0334512,0.378671,0.188331,0.0334504,0.0334512,-0.033455,-0.0334542,-0.188385,-0.378677,-0.033455,-0.0334542,-0.188385,-0.378677,-0.033455,-0.033455,-1.51244,-0.378677,-0.033455,-0.0364504,-1.51543,-0.378677
0.414664,1.5336,0.0272866,0.0272866,0.414664,1.5336,0.0272866,0.0272866,0.414664,0.192972,0.0272862,0.0272866,0.414664,0.192972,0.0272862,0.0272866,-0.0272905,-0.0272901,-0.193027,-0.41467,-0.0272905,-0.0272901,-0.193027,-0.41467,-0.0272905,-0.0272905,-1.51736,-0.41467,-0.0272905,-0.0435276,-1.5336,-0.41467
0.415332,1.53396,0.0458311,0.0458311,0.415332,1.53396,0.0458311,0.0458311,0.415332,0.149394,0.0458184,0.0458311,0.415332,0.149394,0.0458184,0.0458311,-0.045835,-0.0458223,-0.149449,-0.415337,-0.045835,-0.0458223,-0.149449,-0.415337,-0.045835,-0.045835,-1.5206,-0.415337,-0.045835,-0.0591893,-1.53396,-0.415337
0.405374,1.51814,0.0461101,0.0461101,0.405374,1.51814,0.0461101,0.0461101,0.405374,0.143056,0.0460927,0.0461101,0.405374,0.143056,0.0460927,0.0461101,-0.046114,-0.0460966,-0.14311,-0.40538,-0.046114,-0.0460966,-0.14311,-0.40538,-0.046114,-0.046114,-1.50645,-0.40538,-0.046114,-0.0578044,-1.51814,-0.40538
0.379308,1.51478,0.036145,0.036145,0.379308,1.51478,0.036145,0.036145,0.379308,0.177485,0.0361437,0.036145,0.379308,0.177485,0.0361437,0.036145,-0.0361488,-0.0361475,-0.177538,-0.379314,-0.0361488,-0.0361475,-0.177538,-0.379314,-0.0361488,-0.0361488,-1.49115,-0.379314,-0.0361488,-0.0597786,-1.51478,-0.379314
0.412079,1.53242,0.0206235,0.0206235,0.412079,1.53242,0.0206235,0.0206235,0.412079,0.190513,0.0206233,0.0206235,0.412079,0.190513,0.0206233,0.0206235,-0.0206274,-0.0206272,-0.190567,-0.412084,-0.0206274,-0.0206272,-0.190567,-0.412084,-0.0206274,-0.0206274,-1.4678,-0.412084,-0.0206274,-0.0852484,-1.53242,-0.412084
0.415891,1.53569,0.0436255,0.0436255,0.415891,1.53569,0.0436255,0.0436255,0.415891,0.149621,0.0436168,0.0436255,0.415891,0.149621,0.0436168,0.0436255,-0.0436294,-0.0436207,-0.149676,-0.415897,-0.0436294,-0.0436207,-0.149676,-0.415897,-0.0436294,-0.0436294,-1.47823,-0.415897,-0.0436294,-0.101082,-1.53569,-0.415897
0.407114,1.52127,0.0446595,0.0446595,0.407114,1.52127,0.0446595,0.0446595,0.407114,0.139181,0.0446435,0.0446595,0.407114,0.139181,0.0446435,0.0446595,-0.0446634,-0.0446474,-0.139235,-0.40712,-0.0446634,-0.0446474,-0.139235,-0.40712,-0.0446634,-0.0446634,-1.467,-0.40712,-0.0446634,-0.0989294,-1.52127,-0.40712
0.383382,1.51469,0.0377981,0.0377981,0.383382,1.51469,0.0377981,0.0377981,0.383382,0.166524,0.0377961,0.0377981,0.383382,0.166524,0.0377961,0.0377981,-0.0378019,-0.0377999,-0.166578,-0.383388,-0.0378019,-0.0377999,-0.166578,-0.383388,-0.0378019,-0.0378019,-1.44856,-0.383388,-0.0378019,-0.103938,-1.51469,-0.383388
0.40886,1.53099,0.0145868,0.0145868,0.40886,1.53099,0.0145868,0.0145868,0.40886,0.187096,0.0145867,0.0145868,0.40886,0.187096,0.0145867,0.0145868,-0.0145907,-0.0145906,-0.187151,-0.408865,-0.0145907,-0.0145906,-0.187151,-0.408865,-0.0145907,-0.0145907,-1.4139,-0.408865,-0.0145907,-0.131677,-1.53099,-0.408865
0.416257,1.53696,0.0412505,0.0412505,0.416257,1.53696,0.0412505,0.0412505,0.416257,0.151113,0.0412451,0.0412505,0.416257,0.151113,0.0412451,0.0412505,-0.0412544,-0.041249,-0.151168,-0.416263,-0.0412544,-0.041249,-0.151168,-0.416263,-0.0412544,-0.0412544,-1.42899,-0.416263,-0.0412544,-0.14922,-1.53696,-0.416263
0.408529,1.52433,0.0432431,0.0432431,0.408529,1.52433,0.0432431,0.0432431,0.408529,0.135725,0.0432285,0.0432431,0.408529,0.135725,0.0432285,0.0432431,-0.0432469,-0.0432324,-0.13578,-0.408534,-0.0432469,-0.0432324,-0.13578,-0.408534,-0.0432469,-0.0432469,-1.41961,-0.408534,-0.0432469,-0.147975,-1.52434,-0.408534
0.388531,1.51517,0.0386425,0.0386425,0.388531,1.51517,0.0386425,0.0386425,0.388531,0.155754,0.0386395,0.0386425,0.388531,0.155754,0.0386395,0.0386425,-0.0386464,-0.0386434,-0.155808,-0.388536,-0.0386464,-0.0386434,-0.155808,-0.388536,-0.0386464,-0.0386464,-1.40383,-0.388536,-0.0386464,-0.149987,-1.51517,-0.388536
0.404975,1.52939,0.0112516,0.0112516,0.404975,1.52939,0.0112516,0.0112516,0.404975,0.182785,0.0112515,0.0112516,0.404975,0.182785,0.0112515,0.0112516,-0.0112554,-0.0112553,-0.182839,-0.404981,-0.0112554,-0.0112553,-0.182839,-0.404981,-0.0112554,-0.0112554,-1.36544,-0.404981,-0.0112554,-0.175206,-1.52939,-0.404981
0.416392,1.53779,0.0386245,0.0386245,0.416392,1.53779,0.0386245,0.0386245,0.416392,0.15324,0.0386214,0.0386245,0.416392,0.15324,0.0386214,0.0386245,-0.0386284,-0.0386253,-0.153295,-0.416397,-0.0386284,-0.0386253,-0.153295,-0.416397,-0.0386284,-0.0386284,-1.38198,-0.416397,-0.0386284,-0.194439,-1.53779,-0.416397
0.40971,1.52725,0.0418765,0.0418765,0.40971,1.52725,0.0418765,0.0418765,0.40971,0.132531,0.0418633,0.0418765,0.40971,0.132531,0.0418633,0.0418765,-0.0418803,-0.0418672,-0.132585,-0.409716,-0.0418803,-0.0418672,-0.132585,-0.409716,-0.0418803,-0.0418803,-1.37457,-0.409716,-0.0418803,-0.194561,-1.52725,-0.409716
0.393289,1.51615,0.0388824,0.0388824,0.393288,1.51615,0.0388824,0.0388824,0.393288,0.145637,0.0388779,0.0388824,0.393288,0.145637,0.0388779,0.0388824,-0.0388862,-0.0388818,-0.145691,-0.393294,-0.0388862,-0.0388818,-0.145691,-0.393294,-0.0388862,-0.0388862,-1.36109,-0.393294,-0.0388862,-0.193952,-1.51615,-0.393294
0.400432,1.52771,0.0122609,0.0122609,0.40043,1.52772,0.0122609,0.0122609,0.40043,0.17765,0.0122608,0.0122609,0.40043,0.17765,0.0122608,0.0122609,-0.0122647,-0.0122646,-0.177704,-0.400436,-0.0122647,-0.0122646,-0.177704,-0.400436,-0.0122647,-0.0122647,-1.32413,-0.400436,-0.0122647,-0.215847,-1.52772,-0.400436
0.416251,1.53821,0.0356614,0.0356614,0.41625,1.53822,0.0356614,0.0356614,0.41625,0.155357,0.0356596,0.0356614,0.41625,0.155357,0.0356596,0.0356614,-0.0356653,-0.0356635,-0.155412,-0.416256,-0.0356653,-0.0356635,-0.155412,-0.416256,-0.0356653,-0.0356653,-1.33737,-0.416256,-0.0356653,-0.236516,-1.53822,-0.416256
0.410726,1.52995,0.0405579,0.0405579,0.410724,1.52996,0.0405579,0.0405579,0.410724,0.129587,0.0405461,0.0405579,0.410724,0.129587,0.0405461,0.0405579,-0.0405618,-0.04055,-0.129642,-0.410729,-0.0405618,-0.04055,-0.129642,-0.410729,-0.0405618,-0.0405618,-1.33225,-0.410729,-0.0405618,-0.238269,-1.52996,-0.410729
0.397226,1.51756,0.0386855,0.0386855,0.397221,1.51756,0.0386855,0.0386855,0.397221,0.136774,0.0386793,0.0386855,0.397221,0.136774,0.0386793,0.0386855,-0.0386893,-0.0386832,-0.136828,-0.397227,-0.0386893,-0.0386832,-0.136828,-0.397227,-0.0386893,-0.0386893,-1.32052,-0.397227,-0.0386893,-0.235734,-1.51756,-0.397227
0.39536,1.52604,0.0162459,0.0162459,0.395344,1.52606,0.0162459,0.0162459,0.395344,0.171766,0.0162457,0.0162459,0.395344,0.171766,0.0162457,0.0162459,-0.0162497,-0.0162496,-0.171821,-0.39535,-0.0162497,-0.0162496,-0.171821,-0.39535,-0.0162497,-0.0162497,-1.28837,-0.39535,-0.0162497,-0.253943,-1.52606,-0.39535
0.415801,1.53824,0.0322725,0.0322725,0.415785,1.53825,0.0322725,0.0322725,0.415785,0.157013,0.0322716,0.0322725,0.415785,0.157013,0.0322716,0.0322725,-0.0322764,-0.0322755,-0.157068,-0.41579,-0.0322764,-0.0322755,-0.157068,-0.41579,-0.0322764,-0.0322764,-1.29483,-0.41579,-0.0322764,-0.275704,-1.53826,-0.41579
0.411635,1.53237,0.0392707,0.0392707,0.41161,1.53239,0.0392707,0.0392707,0.41161,0.126994,0.0392603,0.0392707,0.41161,0.126994,0.0392603,0.0392707,-0.0392746,-0.0392642,-0.127049,-0.411616,-0.0392746,-0.0392642,-0.127049,-0.411616,-0.0392746,-0.0392746,-1.2924,-0.411616,-0.0392746,-0.279262,-1.53239,-0.411616
0.400382,1.51927,0.0381862,0.0381862,0.400343,1.51931,0.0381862,0.0381862,0.400343,0.12969,0.0381785,0.0381862,0.400343,0.12969,0.0381785,0.0381862,-0.03819,-0.0381824,-0.129744,-0.400349,-0.03819,-0.0381824,-0.129744,-0.400349,-0.03819,-0.03819,-1.28204,-0.400349,-0.03819,-0.275463,-1.51931,-0.400349
0.390337,1.52434,0.0207426,0.0207426,0.390146,1.52453,0.0207426,0.0207426,0.390146,0.165217,0.0207424,0.0207426,0.390146,0.165217,0.0207424,0.0207426,-0.0207465,-0.0207463,-0.165271,-0.390152,-0.0207465,-0.0207463,-0.165271,-0.390152,-0.0207465,-0.0207465,-1.25545,-0.390152,-0.0207465,-0.28983,-1.52453,-0.390152
0.415101,1.53779,0.0283743,0.0283743,0.414948,1.53794,0.0283743,0.0283743,0.414948,0.157959,0.0283738,0.0283743,0.414948,0.157959,0.0283738,0.0283743,-0.0283782,-0.0283777,-0.158014,-0.414953,-0.0283782,-0.0283777,-0.158014,-0.414953,-0.0283782,-0.0283782,-1.25407,-0.414953,-0.0283782,-0.312256,-1.53794,-0.414953
0.41264,1.53427,0.0379857,0.0379857,0.41239,1.53452,0.0379857,0.0379857,0.41239,0.124969,0.0379767,0.0379857,0.41239,0.124969,0.0379767,0.0379857,-0.0379896,-0.0379806,-0.125023,-0.412396,-0.0379896,-0.0379806,-0.125023,-0.412396,-0.0379896,-0.0379896,-1.2548,-0.412396,-0.0379896,-0.317714,-1.53452,-0.412396
0.40313,1.52097,0.0374899,0.0374899,0.402792,1.52131,0.0374899,0.0374899,0.402792,0.12447,0.0374814,0.0374899,0.402792,0.12447,0.0374814,0.0374899,-0.0374937,-0.0374852,-0.124524,-0.402798,-0.0374937,-0.0374852,-0.124524,-0.402798,-0.0374937,-0.0374937,-1.24555,-0.402798,-0.0374937,-0.31326,-1.52131,-0.402798
0.387996,1.52119,0.0245274,0.0245274,0.385938,1.52325,0.0245274,0.0245274,0.385938,0.15809,0.0245271,0.0245274,0.385938,0.15809,0.0245271,0.0245274,-0.0245312,-0.0245309,-0.158144,-0.385944,-0.0245312,-0.0245309,-0.158144,-0.385944,-0.0245312,-0.0245312,-1.22396,-0.385944,-0.0245312,-0.323823,-1.52325,-0.385944
0.415096,1.53591,0.0239141,0.0239141,0.413689,1.53732,0.0239141,0.0239141,0.413689,0.158087,0.0239139,0.0239142,0.413689,0.158087,0.0239139,0.0239142,-0.023918,-0.0239178,-0.158142,-0.413695,-0.023918,-0.0239178,-0.158142,-0.413695,-0.023918,-0.023918,-1.21484,-0.413695,-0.023918,-0.346401,-1.53732,-0.413695
0.415375,1.53401,0.036663,0.036663,0.413067,1.53632,0.036663,0.036663,0.413067,0.12383,0.0366558,0.0366631,0.413067,0.12383,0.0366558,0.0366631,-0.0366669,-0.0366597,-0.123885,-0.413072,-0.0366669,-0.0366597,-0.123885,-0.413072,-0.0366669,-0.0366669,-1.2192,-0.413072,-0.0366669,-0.35379,-1.53632,-0.413072
0.407576,1.52063,0.0366772,0.0366772,0.404719,1.52349,0.0366772,0.0366772,0.404719,0.120691,0.0366686,0.0366772,0.404719,0.120691,0.0366686,0.0366772,-0.036681,-0.0366724,-0.120745,-0.404725,-0.036681,-0.0366724,-0.120745,-0.404725,-0.036681,-0.036681,-1.21094,-0.404725,-0.036681,-0.349229,-1.52349,-0.404725
0.397543,1.50921,0.0273385,0.0273385,0.384438,1.52231,0.0273385,0.0273385,0.384438,0.150492,0.0273381,0.0273386,0.384438,0.150492,0.0273381,0.0273386,-0.0273424,-0.0273419,-0.150546,-0.384444,-0.0273424,-0.0273419,-0.150546,-0.384444,-0.0273424,-0.0273424,-1.19345,-0.384444,-0.0273424,-0.356207,-1.52231,-0.384444
0.421847,1.52653,0.0189534,0.0189534,0.411963,1.53642,0.0189534,0.0189534,0.411962,0.157367,0.0189532,0.0189533,0.411962,0.157367,0.0189532,0.0189533,-0.0189573,-0.0189571,-0.157421,-0.411968,-0.0189573,-0.0189571,-0.157421,-0.411968,-0.0189572,-0.0189572,-1.17702,-0.411968,-0.0189572,-0.378353,-1.53642,-0.411968
0.427722,1.52369,0.0352544,0.0352544,0.41363,1.53778,0.0352544,0.0352544,0.41363,0.123862,0.0352489,0.0352543,0.41363,0.123862,0.0352489,0.0352543,-0.0352582,-0.0352529,-0.123916,-0.413635,-0.0352582,-0.0352529,-0.123916,-0.413635,-0.0352581,-0.0352581,-1.18539,-0.413635,-0.0352581,-0.387647,-1.53778,-0.413635
0.422261,1.50976,0.0358073,0.0358073,0.406254,1.52577,0.0358073,0.0358073,0.406254,0.117769,0.035799,0.0358072,0.406254,0.117769,0.035799,0.0358072,-0.0358111,-0.0358029,-0.117823,-0.40626,-0.0358111,-0.0358029,-0.117823,-0.40626,-0.0358111,-0.0358111,-1.17812,-0.40626,-0.0358111,-0.383461,-1.52577,-0.40626
0.421786,1.4863,0.0292595,0.0292595,0.386283,1.52181,0.0292595,0.0292595,0.386283,0.142558,0.0292586,0.0292594,0.386283,0.142558,0.0292586,0.0292594,-0.0292633,-0.0292626,-0.142612,-0.386289,-0.0292633,-0.0292626,-0.142612,-0.386289,-0.0292632,-0.0292632,-1.16385,-0.386289,-0.0292632,-0.387217,-1.52181,-0.386289
0.442832,1.50218,0.0139018,0.0139018,0.409721,1.53529,0.0139018,0.0139018,0.409722,0.155809,0.0139019,0.0139019,0.409722,0.155809,0.0139019,0.0139019,-0.0139057,-0.0139056,-0.155863,-0.409727,-0.0139057,-0.0139056,-0.155863,-0.409727,-0.0139058,-0.0139058,-1.14088,-0.409727,-0.0139058,-0.408311,-1.53529,-0.409727
0.453265,1.49969,0.0337035,0.0337035,0.414057,1.53889,0.0337035,0.0337035,0.414057,0.125067,0.0337004,0.0337039,0.414057,0.125067,0.0337004,0.0337039,-0.0337074,-0.0337039,-0.125121,-0.414063,-0.0337074,-0.0337039,-0.125121,-0.414063,-0.0337078,-0.0337078,-1.15317,-0.414063,-0.0337078,-0.419433,-1.5389,-0.414063
0.449484,1.48609,0.0349202,0.0349202,0.407503,1.52807,0.0349202,0.0349202,0.407503,0.115279,0.0349129,0.0349206,0.407503,0.115279,0.0349129,0.0349206,-0.0349241,-0.0349164,-0.115333,-0.407509,-0.0349241,-0.0349164,-0.115333,-0.407509,-0.0349245,-0.0349245,-1.14697,-0.407509,-0.0349245,-0.416026,-1.52808,-0.407509
0.449841,1.46192,0.0304532,0.0304532,0.390006,1.52176,0.0304532,0.0304532,0.390007,0.134489,0.0304525,0.0304537,0.390007,0.134489,0.0304525,0.0304537,-0.030457,-0.0304558,-0.134543,-0.390011,-0.030457,-0.0304558,-0.134543,-0.390011,-0.0304576,-0.0304576,-1.13519,-0.390012,-0.0304576,-0.417028,-1.52176,-0.390012
0.469039,1.47187,0.00996377,0.00996377,0.406927,1.53398,0.00996377,0.00996377,0.406925,0.153445,0.00996435,0.00996441,0.406925,0.153445,0.00996435,0.00996441,-0.00996764,-0.00996759,-0.153499,-0.406933,-0.00996764,-0.00996759,-0.153499,-0.406933,-0.00996828,-0.00996828,-1.10748,-0.406931,-0.00996828,-0.436467,-1.53398,-0.406931
0.481609,1.47238,0.03195,0.03195,0.414318,1.53967,0.03195,0.03195,0.414317,0.127076,0.0319459,0.031948,0.414317,0.127076,0.0319459,0.031948,-0.0319539,-0.0319518,-0.12713,-0.414324,-0.0319539,-0.0319518,-0.12713,-0.414324,-0.0319519,-0.0319519,-1.12234,-0.414323,-0.0319519,-0.449287,-1.53967,-0.414323
0.479081,1.4598,0.0340412,0.0340412,0.408546,1.53034,0.0340412,0.0340412,0.408546,0.113007,0.0340322,0.0340393,0.408546,0.113007,0.0340322,0.0340393,-0.034045,-0.034038,-0.113061,-0.408552,-0.034045,-0.034038,-0.113061,-0.408552,-0.0340431,-0.0340431,-1.11739,-0.408552,-0.0340431,-0.446987,-1.53034,-0.408552
0.477608,1.43851,0.0310838,0.0310838,0.39396,1.52216,0.0310838,0.0310838,0.393957,0.12659,0.0310795,0.0310814,0.393957,0.12659,0.0310795,0.0310814,-0.0310876,-0.0310858,-0.126644,-0.393966,-0.0310876,-0.0310858,-0.126644,-0.393966,-0.0310852,-0.0310852,-1.10749,-0.393963,-0.0310852,-0.445755,-1.52216,-0.393963
0.49465,1.44146,0.00898776,0.00898776,0.40355,1.53256,0.00898776,0.00898776,0.403558,0.15032,0.00897918,0.00897923,0.403558,0.15032,0.00897918,0.00897923,-0.00899163,-0.00899158,-0.150374,-0.403556,-0.00899163,-0.00899158,-0.150374,-0.403556,-0.0089831,-0.0089831,-1.07853,-0.403564,-0.0089831,-0.463008,-1.53256,-0.403564
0.50878,1.44571,0.0299176,0.0299176,0.414373,1.54012,0.0299176,0.0299176,0.414378,0.129346,0.0299258,0.029927,0.414378,0.129346,0.0299258,0.029927,-0.0299214,-0.0299202,-0.1294,-0.414379,-0.0299214,-0.0299202,-0.1294,-0.414379,-0.0299309,-0.0299309,-1.09271,-0.414384,-0.0299309,-0.477341,-1.54012,-0.414384
0.507634,1.4343,0.0331704,0.0331704,0.409442,1.53249,0.0331704,0.0331704,0.409442,0.110889,0.0331734,0.0331799,0.409442,0.110889,0.0331734,0.0331799,-0.0331743,-0.0331678,-0.110943,-0.409448,-0.0331743,-0.0331678,-0.110943,-0.409448,-0.0331837,-0.0331837,-1.08928,-0.409447,-0.0331837,-0.476395,-1.53249,-0.409447
0.504504,1.41586,0.0312819,0.0312819,0.397409,1.52296,0.0312819,0.0312819,0.397418,0.119309,0.0312894,0.0312921,0.397418,0.119309,0.0312894,0.0312921,-0.0312857,-0.031283,-0.119363,-0.397414,-0.0312857,-0.031283,-0.119363,-0.397414,-0.031296,-0.031296,-1.08079,-0.397424,-0.031296,-0.473463,-1.52296,-0.397424
0.518967,1.41178,0.0112475,0.0112475,0.399653,1.5311,0.0112475,0.0112475,0.399615,0.146486,0.0112959,0.011296,0.399615,0.146486,0.0112959,0.011296,-0.0112514,-0.0112513,-0.14654,-0.399658,-0.0112514,-0.0112513,-0.14654,-0.399658,-0.0112998,-0.0112998,-1.05428,-0.399621,-0.0112998,-0.48812,-1.5311,-0.399621
0.534374,1.42009,0.027573,0.027573,0.414204,1.54026,0.027573,0.027573,0.414176,0.131414,0.027528,0.0275287,0.414176,0.131414,0.027528,0.0275287,-0.0275769,-0.0275762,-0.131469,-0.414209,-0.0275769,-0.0275762,-0.131469,-0.414209,-0.0275326,-0.0275326,-1.06407,-0.414181,-0.0275326,-0.503718,-1.54026,-0.414181
0.534769,1.40994,0.0323437,0.0323437,0.410229,1.53448,0.0323437,0.0323437,0.410229,0.108961,0.0322911,0.0322971,0.410229,0.108961,0.0322911,0.0322971,-0.0323476,-0.0323416,-0.109015,-0.410235,-0.0323476,-0.0323416,-0.109015,-0.410235,-0.0323009,-0.0323009,-1.06248,-0.410235,-0.0323009,-0.504301,-1.53448,-0.410235
0.530472,1.39385,0.0312053,0.0312053,0.400239,1.52409,0.0312053,0.0312053,0.400212,0.113152,0.0311563,0.03116,0.400212,0.113152,0.0311563,0.03116,-0.0312092,-0.0312055,-0.113207,-0.400244,-0.0312092,-0.0312055,-0.113207,-0.400244,-0.0311638,-0.0311638,-1.05506,-0.400218,-0.0311638,-0.50019,-1.52409,-0.400218
0.542088,1.38286,0.0150738,0.0150738,0.395269,1.52968,0.0150738,0.0150738,0.395429,0.142,0.0148733,0.0148734,0.395429,0.142,0.0148733,0.0148734,-0.0150777,-0.0150776,-0.142055,-0.395275,-0.0150777,-0.0150776,-0.142055,-0.395275,-0.0148773,-0.0148773,-1.03257,-0.395434,-0.0148773,-0.511989,-1.52968,-0.395434
0.558451,1.39529,0.0246582,0.0246582,0.413642,1.5401,0.0246582,0.0246582,0.413789,0.132989,0.024862,0.0248623,0.413789,0.132989,0.024862,0.0248623,-0.0246621,-0.0246617,-0.133044,-0.413648,-0.0246621,-0.0246617,-0.133044,-0.413648,-0.0248662,-0.0248662,-1.03643,-0.413795,-0.0248662,-0.528534,-1.5401,-0.413795
0.560495,1.38669,0.0313442,0.0313442,0.410921,1.53626,0.0313442,0.0313442,0.410939,0.107353,0.0315681,0.0315734,0.410939,0.107353,0.0315681,0.0315734,-0.0313481,-0.0313429,-0.107408,-0.410926,-0.0313481,-0.0313429,-0.107408,-0.410926,-0.0315773,-0.0315773,-1.03708,-0.410945,-0.0315773,-0.530758,-1.53626,-0.410945
0.555511,1.37239,0.0307594,0.0307594,0.402427,1.52547,0.0307594,0.0307594,0.402486,0.108437,0.0309624,0.0309668,0.402486,0.108437,0.0309624,0.0309668,-0.0307632,-0.0307589,-0.108491,-0.402433,-0.0307632,-0.0307589,-0.108491,-0.402433,-0.0309707,-0.0309707,-1.03049,-0.402492,-0.0309707,-0.52595,-1.52547,-0.402492
0.564173,1.35575,0.0181383,0.0181383,0.391535,1.52839,0.0181383,0.0181383,0.391025,0.136922,0.0188875,0.0188876,0.391025,0.136922,0.0188875,0.0188876,-0.0181421,-0.018142,-0.136977,-0.39154,-0.0181421,-0.018142,-0.136977,-0.39154,-0.0188915,-0.0188915,-1.0125,-0.39103,-0.0188915,-0.534787,-1.52839,-0.39103
0.58109,1.37183,0.0219387,0.0219387,0.413285,1.53964,0.0219387,0.0219387,0.412524,0.13392,0.0210291,0.0210293,0.412524,0.13392,0.0210291,0.0210293,-0.0219426,-0.0219424,-0.133975,-0.41329,-0.0219426,-0.0219424,-0.133975,-0.41329,-0.0210332,-0.0210332,-1.00879,-0.41253,-0.0210332,-0.551877,-1.53964,-0.41253
0.584806,1.36457,0.0311108,0.0311108,0.411627,1.53775,0.0311108,0.0311108,0.411443,0.106284,0.0299883,0.0299926,0.411443,0.106284,0.0299883,0.0299926,-0.0311147,-0.03111,-0.106339,-0.411633,-0.0311147,-0.03111,-0.106339,-0.411633,-0.0299965,-0.0299965,-1.01198,-0.411449,-0.0299965,-0.555764,-1.53775,-0.411449
0.579413,1.35161,0.0308814,0.0308814,0.404204,1.52681,0.0308814,0.0308814,0.404141,0.105028,0.0299032,0.0299077,0.404141,0.105028,0.0299032,0.0299077,-0.0308852,-0.0308803,-0.105082,-0.40421,-0.0308852,-0.0308803,-0.105082,-0.40421,-0.0299116,-0.0299116,-1.00619,-0.404147,-0.0299116,-0.550539,-1.52681,-0.404147
0.585005,1.33058,0.0227387,0.0227387,0.388656,1.52693,0.0227387,0.0227387,0.388973,0.131173,0.0200048,0.020005,0.388973,0.131173,0.0200048,0.020005,-0.0227425,-0.0227423,-0.131227,-0.388662,-0.0227425,-0.0227423,-0.131227,-0.388662,-0.0200089,-0.0200089,-0.990641,-0.388979,-0.0200089,-0.556299,-1.52693,-0.388979
0.601859,1.34619,0.015958,0.015958,0.409677,1.53837,0.015958,0.015958,0.413534,0.134123,0.0195409,0.019541,0.413534,0.134123,0.0195409,0.019541,-0.0159618,-0.0159617,-0.134178,-0.409682,-0.0159618,-0.0159617,-0.134178,-0.409682,-0.0195449,-0.0195449,-0.984599,-0.41354,-0.0195449,-0.573317,-1.53837,-0.41354
0.606662,1.34223,0.0266575,0.0266575,0.411072,1.53782,0.0266575,0.0266575,0.412349,0.105629,0.0319467,0.0319512,0.412349,0.105629,0.0319467,0.0319512,-0.0266614,-0.0266586,-0.105682,-0.411078,-0.0266614,-0.0266586,-0.105682,-0.411078,-0.0319551,-0.0319551,-0.991494,-0.412355,-0.0319551,-0.578284,-1.53782,-0.412355
0.598104,1.33078,0.0275284,0.0275284,0.40491,1.52397,0.0275284,0.0275284,0.40408,0.102469,0.0316709,0.0316765,0.40408,0.102469,0.0316709,0.0316765,-0.0275322,-0.0275283,-0.102522,-0.404916,-0.0275322,-0.0275283,-0.102522,-0.404916,-0.0316804,-0.0316804,-0.985768,-0.404086,-0.0316804,-0.569887,-1.52397,-0.404086
0.598329,1.30783,0.020599,0.020599,0.387187,1.51897,0.020599,0.020599,0.391688,0.11884,0.0281107,0.0281116,0.391688,0.11884,0.0281107,0.0281116,-0.0206028,-0.0206023,-0.118894,-0.387192,-0.0206028,-0.0206023,-0.118894,-0.387192,-0.0281154,-0.0281154,-0.976812,-0.391694,-0.0281154,-0.570272,-1.51897,-0.391694
0.610949,1.33167,0.0166649,0.0166649,0.416205,1.52642,0.0166649,0.0166649,0.400079,0.129855,0.0162965,0.0162966,0.400079,0.129855,0.0162965,0.0162966,-0.016669,-0.0166689,-0.12991,-0.416211,-0.016669,-0.0166689,-0.12991,-0.416211,-0.0163005,-0.0163005,-0.959668,-0.400084,-0.0163005,-0.583048,-1.52642,-0.400084
0.611984,1.31709,0.0329893,0.0329893,0.406738,1.52234,0.0329893,0.0329893,0.405132,0.101441,0.0184988,0.0185005,0.405132,0.101441,0.0184988,0.0185005,-0.0329936,-0.0329876,-0.101502,-0.406744,-0.0329936,-0.0329876,-0.101502,-0.406744,-0.0185044,-0.0185044,-0.956601,-0.405138,-0.0185044,-0.584239,-1.52234,-0.405138
0.624669,1.29202,0.0205488,0.0205488,0.386728,1.52996,0.0205488,0.0205488,0.402837,0.118195,0.0257456,0.0257462,0.402837,0.118195,0.0257456,0.0257462,-0.0205532,-0.0205528,-0.118249,-0.386734,-0.0205532,-0.0205528,-0.118249,-0.386734,-0.0257501,-0.0257501,-0.958635,-0.402843,-0.0257501,-0.597079,-1.52996,-0.402843
0.631162,1.29967,0.00653676,0.00653676,0.399373,1.53146,0.00653676,0.00653676,0.385545,0.10542,0.0347326,0.0347372,0.385545,0.10542,0.0347326,0.0347372,-0.00654116,-0.0065408,-0.105471,-0.39938,-0.00654116,-0.0065408,-0.105471,-0.39938,-0.0347411,-0.0347411,-0.962472,-0.38555,-0.0347411,-0.603725,-1.53146,-0.38555
0.630228,1.2928,0.00670757,0.00670757,0.397455,1.52557,0.00670757,0.00670757,0.387587,0.115769,0.0321162,0.0321176,0.387587,0.115769,0.0321162,0.0321176,-0.00671195,-0.00671181,-0.115823,-0.397461,-0.00671195,-0.00671181,-0.115823,-0.397461,-0.0321214,-0.0321214,-0.954755,-0.387593,-0.0321214,-0.602941,-1.52558,-0.387593
0.643833,1.26834,0.0257762,0.0257762,0.377891,1.53429,0.0257762,0.0257762,0.397225,0.118016,0.0182665,0.0182668,0.397225,0.118016,0.0182665,0.0182668,-0.0257806,-0.02578,-0.118071,-0.377898,-0.0257806,-0.02578,-0.118071,-0.377898,-0.0182706,-0.0182706,-0.935863,-0.397231,-0.0182706,-0.616695,-1.53429,-0.397231
0.645229,1.27762,0.0330484,0.0330484,0.392011,1.53084,0.0330484,0.0330484,0.394085,0.103474,0.0130628,0.0130635,0.394085,0.103474,0.0130628,0.0130635,-0.0330528,-0.0330487,-0.103533,-0.392017,-0.0330528,-0.0330487,-0.103533,-0.392017,-0.0130673,-0.0130673,-0.925673,-0.394091,-0.0130673,-0.618238,-1.53084,-0.394091
0.65463,1.27712,0.0142814,0.0142814,0.396296,1.53546,0.0142814,0.0142814,0.381109,0.123515,0.0182582,0.0182584,0.381109,0.123515,0.0182582,0.0182584,-0.014286,-0.0142859,-0.12357,-0.396303,-0.014286,-0.0142859,-0.12357,-0.396303,-0.0182622,-0.0182622,-0.925934,-0.381115,-0.0182622,-0.627786,-1.53546,-0.381115
0.660771,1.25603,0.0120082,0.0120082,0.379934,1.53686,0.0120082,0.0120082,0.380702,0.110576,0.0316536,0.0316554,0.380702,0.110576,0.0316536,0.0316554,-0.0120128,-0.0120125,-0.11063,-0.379941,-0.0120128,-0.0120125,-0.11063,-0.379941,-0.0316592,-0.0316592,-0.934451,-0.380708,-0.0316592,-0.634071,-1.53686,-0.380708
0.657249,1.23951,0.0163691,0.0163691,0.3681,1.52866,0.0163691,0.0163691,0.389146,0.0978882,0.0334832,0.0334897,0.389146,0.0978882,0.0334832,0.0334897,-0.0163737,-0.0163724,-0.097938,-0.368107,-0.0163737,-0.0163724,-0.097938,-0.368107,-0.0334935,-0.0334935,-0.931458,-0.389152,-0.0334935,-0.630691,-1.52866,-0.389152
0.646011,1.246,0.0182912,0.0182912,0.379227,1.51278,0.0182912,0.0182912,0.387754,0.0982709,0.0320819,0.0320871,0.387754,0.0982709,0.0320819,0.0320871,-0.0182958,-0.0182944,-0.0983219,-0.379233,-0.0182958,-0.0182944,-0.0983219,-0.379233,-0.0320909,-0.0320909,-0.925279,-0.38776,-0.0320909,-0.619595,-1.51278,-0.38776
0.66684,1.25669,-0.00355846,-0.00355846,0.394505,1.52902,-0.00355846,-0.00355846,0.3813,0.104057,0.0286136,0.0286157,0.3813,0.104057,0.0286136,0.0286157,0.00355358,0.00355368,-0.104109,-0.394512,0.00355358,0.00355368,-0.104109,-0.394512,-0.0286194,-0.0286194,-0.917082,-0.381306,-0.0286194,-0.640564,-1.52903,-0.381306
0.653623,1.21194,0.0231303,0.0231303,0.354293,1.51127,0.0231303,0.0231303,0.36999,0.099767,0.0238305,0.0238325,0.36999,0.099767,0.0238305,0.0238325,-0.0231364,-0.0231346,-0.0998228,-0.354301,-0.0231364,-0.0231346,-0.0998228,-0.354301,-0.0238362,-0.0238362,-0.907622,-0.369995,-0.0238362,-0.627485,-1.51127,-0.369995
0.649841,1.24534,-0.00361433,-0.00361433,0.392182,1.503,-0.00361433,-0.00361433,0.36777,0.102548,0.0231417,0.023143,0.36777,0.102548,0.0231417,0.023143,0.00360605,0.00360615,-0.102601,-0.392193,0.00360605,0.00360615,-0.102601,-0.392193,-0.0231467,-0.0231467,-0.902306,-0.367775,-0.0231467,-0.623844,-1.503,-0.367775
0.63759,1.20524,0.0224736,0.0224736,0.356522,1.4863,0.0224736,0.0224736,0.374675,0.0934131,0.0263737,0.0263779,0.374675,0.0934131,0.0263737,0.0263779,-0.0224835,-0.0224806,-0.0934726,-0.356535,-0.0224835,-0.0224806,-0.0934726,-0.356535,-0.0263816,-0.0263816,-0.900962,-0.374681,-0.0263816,-0.611724,-1.4863,-0.374681
0.629677,1.22831,0.00839806,0.00839806,0.383994,1.47399,0.00839806,0.00839806,0.377131,0.112477,0.0297853,0.0297862,0.377131,0.112477,0.0297853,0.0297862,-0.00840841,-0.0084083,-0.112536,-0.384007,-0.00840841,-0.0084083,-0.112536,-0.384007,-0.0297899,-0.0297899,-0.899838,-0.377136,-0.0297899,-0.603946,-1.47399,-0.377136
0.634067,1.21573,-0.00820622,-0.00820622,0.375769,1.47403,-0.00820622,-0.00820622,0.374943,0.0991872,0.0334806,0.033485,0.374943,0.0991872,0.0334806,0.033485,0.00819587,0.00819594,-0.0992419,-0.375782,0.00819587,0.00819594,-0.0992419,-0.375782,-0.0334887,-0.0334887,-0.899052,-0.374949,-0.0334887,-0.608469,-1.47403,-0.374949
0.630233,1.20177,-0.00447742,-0.00447742,0.366109,1.46589,-0.00447742,-0.00447742,0.366277,0.0960891,0.0334233,0.033429,0.366277,0.0960891,0.0334233,0.033429,0.00446712,0.00446726,-0.0961419,-0.366122,0.00446712,0.00446726,-0.0961419,-0.366122,-0.0334327,-0.0334327,-0.894558,-0.366282,-0.0334327,-0.604767,-1.46589,-0.366282
0.642015,1.20539,0.0102762,0.0102762,0.374,1.47341,0.0102762,0.0102762,0.355205,0.0917907,0.0308499,0.0308564,0.355205,0.0917907,0.0308499,0.0308564,-0.0102865,-0.0102857,-0.091844,-0.374013,-0.0102865,-0.0102857,-0.091844,-0.374013,-0.03086,-0.03086,-0.887591,-0.35521,-0.03086,-0.616679,-1.47341,-0.35521
0.647196,1.21627,0.0116391,0.0116391,0.389095,1.47437,0.0116391,0.0116391,0.356074,0.106185,0.0281912,0.0281924,0.356074,0.106185,0.0281912,0.0281924,-0.0116499,-0.0116497,-0.106243,-0.389109,-0.0116499,-0.0116497,-0.106243,-0.389109,-0.028196,-0.028196,-0.880579,-0.356079,-0.028196,-0.621988,-1.47437,-0.356079
0.639352,1.19155,0.0112111,0.0112111,0.368557,1.46235,0.0112111,0.0112111,0.362069,0.108965,0.0247793,0.0247799,0.362069,0.108965,0.0247793,0.0247799,-0.0112243,-0.0112242,-0.109028,-0.368573,-0.0112243,-0.0112242,-0.109028,-0.368573,-0.0247835,-0.0247835,-0.872861,-0.362074,-0.0247835,-0.61427,-1.46235,-0.362074
0.646852,1.2014,0.00400066,0.00400066,0.382546,1.46571,0.00400066,0.00400066,0.363569,0.114554,0.0242391,0.0242394,0.363569,0.114554,0.0242391,0.0242394,-0.00401761,-0.00401756,-0.114616,-0.382566,-0.00401761,-0.00401756,-0.114616,-0.382566,-0.024243,-0.024243,-0.868059,-0.363574,-0.024243,-0.621901,-1.46572,-0.363574
0.636492,1.19397,0.0158836,0.0158836,0.379205,1.45126,0.0158836,0.0158836,0.361095,0.0916677,0.0266789,0.0266826,0.361095,0.0916677,0.0266789,0.0266826,-0.0159034,-0.0159022,-0.0917361,-0.379229,-0.0159034,-0.0159022,-0.0917361,-0.379229,-0.0266862,-0.0266862,-0.866283,-0.3611,-0.0266862,-0.611659,-1.45126,-0.3611
